Country,Country Code,Series,Series Code,2018 [2018]
Advanced Economies,AME,"Exports Merchandise, Customs, constant US$, millions, not seas. adj.",DXGSRMRCHNSKD,10276174.9763961
Advanced Economies,AME,"Imports Merchandise, Customs, constant US$, millions, not seas. adj.",DMGSRMRCHNSKD,10780830.0424194
Advanced Economies,AME,"GDP,constant 2010 LCU,millions,seas. adj.,",NYGDPMKTPSAKN,..
Advanced Economies,AME,"Total Reserves,,,,",TOTRESV,4916510.86336849
Advanced Economies,AME,"Unemployment rate,Percent,,,",UNEMPSA_,5.33137551516
Afghanistan,AFG,"Exports Merchandise, Customs, constant US$, millions, not seas. adj.",DXGSRMRCHNSKD,..
Afghanistan,AFG,"Imports Merchandise, Customs, constant US$, millions, not seas. adj.",DMGSRMRCHNSKD,..
Afghanistan,AFG,"GDP,constant 2010 LCU,millions,seas. adj.,",NYGDPMKTPSAKN,..
Afghanistan,AFG,"Total Reserves,,,,",TOTRESV,..
Afghanistan,AFG,"Unemployment rate,Percent,,,",UNEMPSA_,..
Albania,ALB,"Exports Merchandise, Customs, constant US$, millions, not seas. adj.",DXGSRMRCHNSKD,..
Albania,ALB,"Imports Merchandise, Customs, constant US$, millions, not seas. adj.",DMGSRMRCHNSKD,..
Albania,ALB,"GDP,constant 2010 LCU,millions,seas. adj.,",NYGDPMKTPSAKN,1511704
Albania,ALB,"Total Reserves,,,,",TOTRESV,3893.93
Albania,ALB,"Unemployment rate,Percent,,,",UNEMPSA_,..
Algeria,DZA,"Exports Merchandise, Customs, constant US$, millions, not seas. adj.",DXGSRMRCHNSKD,..
Algeria,DZA,"Imports Merchandise, Customs, constant US$, millions, not seas. adj.",DMGSRMRCHNSKD,45070.7868938675
Algeria,DZA,"GDP,constant 2010 LCU,millions,seas. adj.,",NYGDPMKTPSAKN,..
Algeria,DZA,"Total Reserves,,,,",TOTRESV,..
Algeria,DZA,"Unemployment rate,Percent,,,",UNEMPSA_,..
Angola,AGO,"Exports Merchandise, Customs, constant US$, millions, not seas. adj.",DXGSRMRCHNSKD,..
Angola,AGO,"Imports Merchandise, Customs, constant US$, millions, not seas. adj.",DMGSRMRCHNSKD,..
Angola,AGO,"GDP,constant 2010 LCU,millions,seas. adj.,",NYGDPMKTPSAKN,..
Angola,AGO,"Total Reserves,,,,",TOTRESV,15410.40536547
Angola,AGO,"Unemployment rate,Percent,,,",UNEMPSA_,..
Antigua and Barbuda,ATG,"Exports Merchandise, Customs, constant US$, millions, not seas. adj.",DXGSRMRCHNSKD,..
Antigua and Barbuda,ATG,"Imports Merchandise, Customs, constant US$, millions, not seas. adj.",DMGSRMRCHNSKD,..
Antigua and Barbuda,ATG,"GDP,constant 2010 LCU,millions,seas. adj.,",NYGDPMKTPSAKN,..
Antigua and Barbuda,ATG,"Total Reserves,,,,",TOTRESV,328.65684450255
Antigua and Barbuda,ATG,"Unemployment rate,Percent,,,",UNEMPSA_,..
Argentina,ARG,"Exports Merchandise, Customs, constant US$, millions, not seas. adj.",DXGSRMRCHNSKD,61044.4554259052
Argentina,ARG,"Imports Merchandise, Customs, constant US$, millions, not seas. adj.",DMGSRMRCHNSKD,..
Argentina,ARG,"GDP,constant 2010 LCU,millions,seas. adj.,",NYGDPMKTPSAKN,707755.489
Argentina,ARG,"Total Reserves,,,,",TOTRESV,..
Argentina,ARG,"Unemployment rate,Percent,,,",UNEMPSA_,9.22703252002
Armenia,ARM,"Exports Merchandise, Customs, constant US$, millions, not seas. adj.",DXGSRMRCHNSKD,..
Armenia,ARM,"Imports Merchandise, Customs, constant US$, millions, not seas. adj.",DMGSRMRCHNSKD,..
Armenia,ARM,"GDP,constant 2010 LCU,millions,seas. adj.,",NYGDPMKTPSAKN,..
Armenia,ARM,"Total Reserves,,,,",TOTRESV,2259.3
Armenia,ARM,"Unemployment rate,Percent,,,",UNEMPSA_,..
Aruba,ABW,"Exports Merchandise, Customs, constant US$, millions, not seas. adj.",DXGSRMRCHNSKD,..
Aruba,ABW,"Imports Merchandise, Customs, constant US$, millions, not seas. adj.",DMGSRMRCHNSKD,..
Aruba,ABW,"GDP,constant 2010 LCU,millions,seas. adj.,",NYGDPMKTPSAKN,..
Aruba,ABW,"Total Reserves,,,,",TOTRESV,..
Aruba,ABW,"Unemployment rate,Percent,,,",UNEMPSA_,..
Australia,AUS,"Exports Merchandise, Customs, constant US$, millions, not seas. adj.",DXGSRMRCHNSKD,240258.439671903
Australia,AUS,"Imports Merchandise, Customs, constant US$, millions, not seas. adj.",DMGSRMRCHNSKD,242522.69536673
Australia,AUS,"GDP,constant 2010 LCU,millions,seas. adj.,",NYGDPMKTPSAKN,1871579
Australia,AUS,"Total Reserves,,,,",TOTRESV,51170.8222047723
Australia,AUS,"Unemployment rate,Percent,,,",UNEMPSA_,5.30122659896
Austria,AUT,"Exports Merchandise, Customs, constant US$, millions, not seas. adj.",DXGSRMRCHNSKD,..
Austria,AUT,"Imports Merchandise, Customs, constant US$, millions, not seas. adj.",DMGSRMRCHNSKD,199040.870793703
Austria,AUT,"GDP,constant 2010 LCU,millions,seas. adj.,",NYGDPMKTPSAKN,369105
Austria,AUT,"Total Reserves,,,,",TOTRESV,12184.0546095623
Austria,AUT,"Unemployment rate,Percent,,,",UNEMPSA_,7.70484908156
Azerbaijan,AZE,"Exports Merchandise, Customs, constant US$, millions, not seas. adj.",DXGSRMRCHNSKD,..
Azerbaijan,AZE,"Imports Merchandise, Customs, constant US$, millions, not seas. adj.",DMGSRMRCHNSKD,..
Azerbaijan,AZE,"GDP,constant 2010 LCU,millions,seas. adj.,",NYGDPMKTPSAKN,..
Azerbaijan,AZE,"Total Reserves,,,,",TOTRESV,..
Azerbaijan,AZE,"Unemployment rate,Percent,,,",UNEMPSA_,..
Bahamas The,BHS,"Exports Merchandise, Customs, constant US$, millions, not seas. adj.",DXGSRMRCHNSKD,..
Bahamas The,BHS,"Imports Merchandise, Customs, constant US$, millions, not seas. adj.",DMGSRMRCHNSKD,..
Bahamas The,BHS,"GDP,constant 2010 LCU,millions,seas. adj.,",NYGDPMKTPSAKN,..
Bahamas The,BHS,"Total Reserves,,,,",TOTRESV,..
Bahamas The,BHS,"Unemployment rate,Percent,,,",UNEMPSA_,..
Bahrain,BHR,"Exports Merchandise, Customs, constant US$, millions, not seas. adj.",DXGSRMRCHNSKD,..
Bahrain,BHR,"Imports Merchandise, Customs, constant US$, millions, not seas. adj.",DMGSRMRCHNSKD,..
Bahrain,BHR,"GDP,constant 2010 LCU,millions,seas. adj.,",NYGDPMKTPSAKN,12672.8116758105
Bahrain,BHR,"Total Reserves,,,,",TOTRESV,..
Bahrain,BHR,"Unemployment rate,Percent,,,",UNEMPSA_,..
Bangladesh,BGD,"Exports Merchandise, Customs, constant US$, millions, not seas. adj.",DXGSRMRCHNSKD,..
Bangladesh,BGD,"Imports Merchandise, Customs, constant US$, millions, not seas. adj.",DMGSRMRCHNSKD,..
Bangladesh,BGD,"GDP,constant 2010 LCU,millions,seas. adj.,",NYGDPMKTPSAKN,..
Bangladesh,BGD,"Total Reserves,,,,",TOTRESV,32016.252
Bangladesh,BGD,"Unemployment rate,Percent,,,",UNEMPSA_,..
Barbados,BRB,"Exports Merchandise, Customs, constant US$, millions, not seas. adj.",DXGSRMRCHNSKD,..
Barbados,BRB,"Imports Merchandise, Customs, constant US$, millions, not seas. adj.",DMGSRMRCHNSKD,..
Barbados,BRB,"GDP,constant 2010 LCU,millions,seas. adj.,",NYGDPMKTPSAKN,..
Barbados,BRB,"Total Reserves,,,,",TOTRESV,..
Barbados,BRB,"Unemployment rate,Percent,,,",UNEMPSA_,..
Belarus,BLR,"Exports Merchandise, Customs, constant US$, millions, not seas. adj.",DXGSRMRCHNSKD,..
Belarus,BLR,"Imports Merchandise, Customs, constant US$, millions, not seas. adj.",DMGSRMRCHNSKD,..
Belarus,BLR,"GDP,constant 2010 LCU,millions,seas. adj.,",NYGDPMKTPSAKN,79903.1199450103
Belarus,BLR,"Total Reserves,,,,",TOTRESV,5391.30589502877
Belarus,BLR,"Unemployment rate,Percent,,,",UNEMPSA_,4.82792412882
Belgium,BEL,"Exports Merchandise, Customs, constant US$, millions, not seas. adj.",DXGSRMRCHNSKD,366191.355751752
Belgium,BEL,"Imports Merchandise, Customs, constant US$, millions, not seas. adj.",DMGSRMRCHNSKD,364936.582214876
Belgium,BEL,"GDP,constant 2010 LCU,millions,seas. adj.,",NYGDPMKTPSAKN,437322
Belgium,BEL,"Total Reserves,,,,",TOTRESV,17872.3642528311
Belgium,BEL,"Unemployment rate,Percent,,,",UNEMPSA_,5.95689921428
Belize,BLZ,"Exports Merchandise, Customs, constant US$, millions, not seas. adj.",DXGSRMRCHNSKD,..
Belize,BLZ,"Imports Merchandise, Customs, constant US$, millions, not seas. adj.",DMGSRMRCHNSKD,..
Belize,BLZ,"GDP,constant 2010 LCU,millions,seas. adj.,",NYGDPMKTPSAKN,2814.1
Belize,BLZ,"Total Reserves,,,,",TOTRESV,294.46843505729
Belize,BLZ,"Unemployment rate,Percent,,,",UNEMPSA_,..
Benin,BEN,"Exports Merchandise, Customs, constant US$, millions, not seas. adj.",DXGSRMRCHNSKD,..
Benin,BEN,"Imports Merchandise, Customs, constant US$, millions, not seas. adj.",DMGSRMRCHNSKD,..
Benin,BEN,"GDP,constant 2010 LCU,millions,seas. adj.,",NYGDPMKTPSAKN,..
Benin,BEN,"Total Reserves,,,,",TOTRESV,..
Benin,BEN,"Unemployment rate,Percent,,,",UNEMPSA_,..
Bermuda,BMU,"Exports Merchandise, Customs, constant US$, millions, not seas. adj.",DXGSRMRCHNSKD,..
Bermuda,BMU,"Imports Merchandise, Customs, constant US$, millions, not seas. adj.",DMGSRMRCHNSKD,..
Bermuda,BMU,"GDP,constant 2010 LCU,millions,seas. adj.,",NYGDPMKTPSAKN,..
Bermuda,BMU,"Total Reserves,,,,",TOTRESV,..
Bermuda,BMU,"Unemployment rate,Percent,,,",UNEMPSA_,..
Bhutan,BTN,"Exports Merchandise, Customs, constant US$, millions, not seas. adj.",DXGSRMRCHNSKD,..
Bhutan,BTN,"Imports Merchandise, Customs, constant US$, millions, not seas. adj.",DMGSRMRCHNSKD,..
Bhutan,BTN,"GDP,constant 2010 LCU,millions,seas. adj.,",NYGDPMKTPSAKN,..
Bhutan,BTN,"Total Reserves,,,,",TOTRESV,987.24703558398
Bhutan,BTN,"Unemployment rate,Percent,,,",UNEMPSA_,..
Bolivia,BOL,"Exports Merchandise, Customs, constant US$, millions, not seas. adj.",DXGSRMRCHNSKD,..
Bolivia,BOL,"Imports Merchandise, Customs, constant US$, millions, not seas. adj.",DMGSRMRCHNSKD,..
Bolivia,BOL,"GDP,constant 2010 LCU,millions,seas. adj.,",NYGDPMKTPSAKN,48166.5170806082
Bolivia,BOL,"Total Reserves,,,,",TOTRESV,8946.4
Bolivia,BOL,"Unemployment rate,Percent,,,",UNEMPSA_,..
Bosnia and Herzegovina,BIH,"Exports Merchandise, Customs, constant US$, millions, not seas. adj.",DXGSRMRCHNSKD,..
Bosnia and Herzegovina,BIH,"Imports Merchandise, Customs, constant US$, millions, not seas. adj.",DMGSRMRCHNSKD,..
Bosnia and Herzegovina,BIH,"GDP,constant 2010 LCU,millions,seas. adj.,",NYGDPMKTPSAKN,31546.179126619
Bosnia and Herzegovina,BIH,"Total Reserves,,,,",TOTRESV,6736.59923274363
Bosnia and Herzegovina,BIH,"Unemployment rate,Percent,,,",UNEMPSA_,..
Botswana,BWA,"Exports Merchandise, Customs, constant US$, millions, not seas. adj.",DXGSRMRCHNSKD,..
Botswana,BWA,"Imports Merchandise, Customs, constant US$, millions, not seas. adj.",DMGSRMRCHNSKD,..
Botswana,BWA,"GDP,constant 2010 LCU,millions,seas. adj.,",NYGDPMKTPSAKN,96494.9712183729
Botswana,BWA,"Total Reserves,,,,",TOTRESV,6656.91363784624
Botswana,BWA,"Unemployment rate,Percent,,,",UNEMPSA_,..
Brazil,BRA,"Exports Merchandise, Customs, constant US$, millions, not seas. adj.",DXGSRMRCHNSKD,238430.650720805
Brazil,BRA,"Imports Merchandise, Customs, constant US$, millions, not seas. adj.",DMGSRMRCHNSKD,174685.02445233
Brazil,BRA,"GDP,constant 2010 LCU,millions,seas. adj.,",NYGDPMKTPSAKN,1184053
Brazil,BRA,"Total Reserves,,,,",TOTRESV,374715
Brazil,BRA,"Unemployment rate,Percent,,,",UNEMPSA_,12.2564278569
Brunei,BRN,"Exports Merchandise, Customs, constant US$, millions, not seas. adj.",DXGSRMRCHNSKD,..
Brunei,BRN,"Imports Merchandise, Customs, constant US$, millions, not seas. adj.",DMGSRMRCHNSKD,..
Brunei,BRN,"GDP,constant 2010 LCU,millions,seas. adj.,",NYGDPMKTPSAKN,..
Brunei,BRN,"Total Reserves,,,,",TOTRESV,..
Brunei,BRN,"Unemployment rate,Percent,,,",UNEMPSA_,..
Bulgaria,BGR,"Exports Merchandise, Customs, constant US$, millions, not seas. adj.",DXGSRMRCHNSKD,..
Bulgaria,BGR,"Imports Merchandise, Customs, constant US$, millions, not seas. adj.",DMGSRMRCHNSKD,-16398.7686268542
Bulgaria,BGR,"GDP,constant 2010 LCU,millions,seas. adj.,",NYGDPMKTPSAKN,98889.1216
Bulgaria,BGR,"Total Reserves,,,,",TOTRESV,28727.23
Bulgaria,BGR,"Unemployment rate,Percent,,,",UNEMPSA_,6.17083333333
Burkina Faso,BFA,"Exports Merchandise, Customs, constant US$, millions, not seas. adj.",DXGSRMRCHNSKD,..
Burkina Faso,BFA,"Imports Merchandise, Customs, constant US$, millions, not seas. adj.",DMGSRMRCHNSKD,..
Burkina Faso,BFA,"GDP,constant 2010 LCU,millions,seas. adj.,",NYGDPMKTPSAKN,..
Burkina Faso,BFA,"Total Reserves,,,,",TOTRESV,..
Burkina Faso,BFA,"Unemployment rate,Percent,,,",UNEMPSA_,..
Burundi,BDI,"Exports Merchandise, Customs, constant US$, millions, not seas. adj.",DXGSRMRCHNSKD,..
Burundi,BDI,"Imports Merchandise, Customs, constant US$, millions, not seas. adj.",DMGSRMRCHNSKD,..
Burundi,BDI,"GDP,constant 2010 LCU,millions,seas. adj.,",NYGDPMKTPSAKN,..
Burundi,BDI,"Total Reserves,,,,",TOTRESV,..
Burundi,BDI,"Unemployment rate,Percent,,,",UNEMPSA_,..
Cambodia,KHM,"Exports Merchandise, Customs, constant US$, millions, not seas. adj.",DXGSRMRCHNSKD,..
Cambodia,KHM,"Imports Merchandise, Customs, constant US$, millions, not seas. adj.",DMGSRMRCHNSKD,..
Cambodia,KHM,"GDP,constant 2010 LCU,millions,seas. adj.,",NYGDPMKTPSAKN,..
Cambodia,KHM,"Total Reserves,,,,",TOTRESV,10143.74
Cambodia,KHM,"Unemployment rate,Percent,,,",UNEMPSA_,..
Cameroon,CMR,"Exports Merchandise, Customs, constant US$, millions, not seas. adj.",DXGSRMRCHNSKD,..
Cameroon,CMR,"Imports Merchandise, Customs, constant US$, millions, not seas. adj.",DMGSRMRCHNSKD,..
Cameroon,CMR,"GDP,constant 2010 LCU,millions,seas. adj.,",NYGDPMKTPSAKN,..
Cameroon,CMR,"Total Reserves,,,,",TOTRESV,..
Cameroon,CMR,"Unemployment rate,Percent,,,",UNEMPSA_,..
Canada,CAN,"Exports Merchandise, Customs, constant US$, millions, not seas. adj.",DXGSRMRCHNSKD,495.01434810752
Canada,CAN,"Imports Merchandise, Customs, constant US$, millions, not seas. adj.",DMGSRMRCHNSKD,..
Canada,CAN,"GDP,constant 2010 LCU,millions,seas. adj.,",NYGDPMKTPSAKN,2058116.5
Canada,CAN,"Total Reserves,,,,",TOTRESV,83925.5692482159
Canada,CAN,"Unemployment rate,Percent,,,",UNEMPSA_,5.83333333333
Cape Verde,CPV,"Exports Merchandise, Customs, constant US$, millions, not seas. adj.",DXGSRMRCHNSKD,..
Cape Verde,CPV,"Imports Merchandise, Customs, constant US$, millions, not seas. adj.",DMGSRMRCHNSKD,..
Cape Verde,CPV,"GDP,constant 2010 LCU,millions,seas. adj.,",NYGDPMKTPSAKN,..
Cape Verde,CPV,"Total Reserves,,,,",TOTRESV,606.43060029509
Cape Verde,CPV,"Unemployment rate,Percent,,,",UNEMPSA_,..
Cayman Islands,CYM,"Exports Merchandise, Customs, constant US$, millions, not seas. adj.",DXGSRMRCHNSKD,..
Cayman Islands,CYM,"Imports Merchandise, Customs, constant US$, millions, not seas. adj.",DMGSRMRCHNSKD,..
Cayman Islands,CYM,"GDP,constant 2010 LCU,millions,seas. adj.,",NYGDPMKTPSAKN,..
Cayman Islands,CYM,"Total Reserves,,,,",TOTRESV,..
Cayman Islands,CYM,"Unemployment rate,Percent,,,",UNEMPSA_,..
Central African Republic,CAF,"Exports Merchandise, Customs, constant US$, millions, not seas. adj.",DXGSRMRCHNSKD,..
Central African Republic,CAF,"Imports Merchandise, Customs, constant US$, millions, not seas. adj.",DMGSRMRCHNSKD,..
Central African Republic,CAF,"GDP,constant 2010 LCU,millions,seas. adj.,",NYGDPMKTPSAKN,..
Central African Republic,CAF,"Total Reserves,,,,",TOTRESV,..
Central African Republic,CAF,"Unemployment rate,Percent,,,",UNEMPSA_,..
Chad,TCD,"Exports Merchandise, Customs, constant US$, millions, not seas. adj.",DXGSRMRCHNSKD,..
Chad,TCD,"Imports Merchandise, Customs, constant US$, millions, not seas. adj.",DMGSRMRCHNSKD,..
Chad,TCD,"GDP,constant 2010 LCU,millions,seas. adj.,",NYGDPMKTPSAKN,..
Chad,TCD,"Total Reserves,,,,",TOTRESV,..
Chad,TCD,"Unemployment rate,Percent,,,",UNEMPSA_,..
Chile,CHL,"Exports Merchandise, Customs, constant US$, millions, not seas. adj.",DXGSRMRCHNSKD,75856.1459753194
Chile,CHL,"Imports Merchandise, Customs, constant US$, millions, not seas. adj.",DMGSRMRCHNSKD,74064.3712868283
Chile,CHL,"GDP,constant 2010 LCU,millions,seas. adj.,",NYGDPMKTPSAKN,153767000
Chile,CHL,"Total Reserves,,,,",TOTRESV,58240.0506512301
Chile,CHL,"Unemployment rate,Percent,,,",UNEMPSA_,7.33650491219
China,CHN,"Exports Merchandise, Customs, constant US$, millions, not seas. adj.",DXGSRMRCHNSKD,2105489.36118355
China,CHN,"Imports Merchandise, Customs, constant US$, millions, not seas. adj.",DMGSRMRCHNSKD,2051792.45556483
China,CHN,"GDP,constant 2010 LCU,millions,seas. adj.,",NYGDPMKTPSAKN,83933523.3263606
China,CHN,"Total Reserves,,,,",TOTRESV,3094003.11662893
China,CHN,"Unemployment rate,Percent,,,",UNEMPSA_,3.83507643314
Colombia,COL,"Exports Merchandise, Customs, constant US$, millions, not seas. adj.",DXGSRMRCHNSKD,..
Colombia,COL,"Imports Merchandise, Customs, constant US$, millions, not seas. adj.",DMGSRMRCHNSKD,..
Colombia,COL,"GDP,constant 2010 LCU,millions,seas. adj.,",NYGDPMKTPSAKN,853600000
Colombia,COL,"Total Reserves,,,,",TOTRESV,48401.5
Colombia,COL,"Unemployment rate,Percent,,,",UNEMPSA_,9.71617676269
Commodity-exporting EMDE,EDE,"Exports Merchandise, Customs, constant US$, millions, not seas. adj.",DXGSRMRCHNSKD,1263045.56581027
Commodity-exporting EMDE,EDE,"Imports Merchandise, Customs, constant US$, millions, not seas. adj.",DMGSRMRCHNSKD,1089278.53855755
Commodity-exporting EMDE,EDE,"GDP,constant 2010 LCU,millions,seas. adj.,",NYGDPMKTPSAKN,..
Commodity-exporting EMDE,EDE,"Total Reserves,,,,",TOTRESV,2613903.92095021
Commodity-exporting EMDE,EDE,"Unemployment rate,Percent,,,",UNEMPSA_,10.06486511649
Commodity-importing EMDE,EDI,"Exports Merchandise, Customs, constant US$, millions, not seas. adj.",DXGSRMRCHNSKD,3922037.08071338
Commodity-importing EMDE,EDI,"Imports Merchandise, Customs, constant US$, millions, not seas. adj.",DMGSRMRCHNSKD,4266531.55558108
Commodity-importing EMDE,EDI,"GDP,constant 2010 LCU,millions,seas. adj.,",NYGDPMKTPSAKN,..
Commodity-importing EMDE,EDI,"Total Reserves,,,,",TOTRESV,4575102.1884047
Commodity-importing EMDE,EDI,"Unemployment rate,Percent,,,",UNEMPSA_,5.70913341117
Commodity-importing EMDE excluding China,EDX,"Exports Merchandise, Customs, constant US$, millions, not seas. adj.",DXGSRMRCHNSKD,1816547.71952983
Commodity-importing EMDE excluding China,EDX,"Imports Merchandise, Customs, constant US$, millions, not seas. adj.",DMGSRMRCHNSKD,2214739.10001625
Commodity-importing EMDE excluding China,EDX,"GDP,constant 2010 LCU,millions,seas. adj.,",NYGDPMKTPSAKN,..
Commodity-importing EMDE excluding China,EDX,"Total Reserves,,,,",TOTRESV,1487201.03104257
Commodity-importing EMDE excluding China,EDX,"Unemployment rate,Percent,,,",UNEMPSA_,..
Comoros,COM,"Exports Merchandise, Customs, constant US$, millions, not seas. adj.",DXGSRMRCHNSKD,..
Comoros,COM,"Imports Merchandise, Customs, constant US$, millions, not seas. adj.",DMGSRMRCHNSKD,..
Comoros,COM,"GDP,constant 2010 LCU,millions,seas. adj.,",NYGDPMKTPSAKN,..
Comoros,COM,"Total Reserves,,,,",TOTRESV,..
Comoros,COM,"Unemployment rate,Percent,,,",UNEMPSA_,..
Congo Dem. Rep.,COD,"Exports Merchandise, Customs, constant US$, millions, not seas. adj.",DXGSRMRCHNSKD,..
Congo Dem. Rep.,COD,"Imports Merchandise, Customs, constant US$, millions, not seas. adj.",DMGSRMRCHNSKD,..
Congo Dem. Rep.,COD,"GDP,constant 2010 LCU,millions,seas. adj.,",NYGDPMKTPSAKN,..
Congo Dem. Rep.,COD,"Total Reserves,,,,",TOTRESV,665.27209499291
Congo Dem. Rep.,COD,"Unemployment rate,Percent,,,",UNEMPSA_,..
Congo Rep.,COG,"Exports Merchandise, Customs, constant US$, millions, not seas. adj.",DXGSRMRCHNSKD,..
Congo Rep.,COG,"Imports Merchandise, Customs, constant US$, millions, not seas. adj.",DMGSRMRCHNSKD,..
Congo Rep.,COG,"GDP,constant 2010 LCU,millions,seas. adj.,",NYGDPMKTPSAKN,..
Congo Rep.,COG,"Total Reserves,,,,",TOTRESV,..
Congo Rep.,COG,"Unemployment rate,Percent,,,",UNEMPSA_,..
Costa Rica,CRI,"Exports Merchandise, Customs, constant US$, millions, not seas. adj.",DXGSRMRCHNSKD,..
Costa Rica,CRI,"Imports Merchandise, Customs, constant US$, millions, not seas. adj.",DMGSRMRCHNSKD,..
Costa Rica,CRI,"GDP,constant 2010 LCU,millions,seas. adj.,",NYGDPMKTPSAKN,28500624.6
Costa Rica,CRI,"Total Reserves,,,,",TOTRESV,7500.9
Costa Rica,CRI,"Unemployment rate,Percent,,,",UNEMPSA_,..
Cote d'Ivoire,CIV,"Exports Merchandise, Customs, constant US$, millions, not seas. adj.",DXGSRMRCHNSKD,..
Cote d'Ivoire,CIV,"Imports Merchandise, Customs, constant US$, millions, not seas. adj.",DMGSRMRCHNSKD,..
Cote d'Ivoire,CIV,"GDP,constant 2010 LCU,millions,seas. adj.,",NYGDPMKTPSAKN,..
Cote d'Ivoire,CIV,"Total Reserves,,,,",TOTRESV,..
Cote d'Ivoire,CIV,"Unemployment rate,Percent,,,",UNEMPSA_,..
Croatia,HRV,"Exports Merchandise, Customs, constant US$, millions, not seas. adj.",DXGSRMRCHNSKD,..
Croatia,HRV,"Imports Merchandise, Customs, constant US$, millions, not seas. adj.",DMGSRMRCHNSKD,..
Croatia,HRV,"GDP,constant 2010 LCU,millions,seas. adj.,",NYGDPMKTPSAKN,372150.268158931
Croatia,HRV,"Total Reserves,,,,",TOTRESV,19523.7044217854
Croatia,HRV,"Unemployment rate,Percent,,,",UNEMPSA_,9.85
Cuba,CUB,"Exports Merchandise, Customs, constant US$, millions, not seas. adj.",DXGSRMRCHNSKD,..
Cuba,CUB,"Imports Merchandise, Customs, constant US$, millions, not seas. adj.",DMGSRMRCHNSKD,..
Cuba,CUB,"GDP,constant 2010 LCU,millions,seas. adj.,",NYGDPMKTPSAKN,..
Cuba,CUB,"Total Reserves,,,,",TOTRESV,..
Cuba,CUB,"Unemployment rate,Percent,,,",UNEMPSA_,..
Cyprus,CYP,"Exports Merchandise, Customs, constant US$, millions, not seas. adj.",DXGSRMRCHNSKD,..
Cyprus,CYP,"Imports Merchandise, Customs, constant US$, millions, not seas. adj.",DMGSRMRCHNSKD,..
Cyprus,CYP,"GDP,constant 2010 LCU,millions,seas. adj.,",NYGDPMKTPSAKN,20677.7
Cyprus,CYP,"Total Reserves,,,,",TOTRESV,376.66778374897
Cyprus,CYP,"Unemployment rate,Percent,,,",UNEMPSA_,8.41666666667
Czech Republic,CZE,"Exports Merchandise, Customs, constant US$, millions, not seas. adj.",DXGSRMRCHNSKD,230414.505844505
Czech Republic,CZE,"Imports Merchandise, Customs, constant US$, millions, not seas. adj.",DMGSRMRCHNSKD,206394.286796124
Czech Republic,CZE,"GDP,constant 2010 LCU,millions,seas. adj.,",NYGDPMKTPSAKN,5152731
Czech Republic,CZE,"Total Reserves,,,,",TOTRESV,142512.29
Czech Republic,CZE,"Unemployment rate,Percent,,,",UNEMPSA_,2.21666666667
Denmark,DNK,"Exports Merchandise, Customs, constant US$, millions, not seas. adj.",DXGSRMRCHNSKD,122436.721825399
Denmark,DNK,"Imports Merchandise, Customs, constant US$, millions, not seas. adj.",DMGSRMRCHNSKD,109721.287717176
Denmark,DNK,"GDP,constant 2010 LCU,millions,seas. adj.,",NYGDPMKTPSAKN,2082612
Denmark,DNK,"Total Reserves,,,,",TOTRESV,68302.5470558503
Denmark,DNK,"Unemployment rate,Percent,,,",UNEMPSA_,3.84768558076
Developing Countries,DEV,"Exports Merchandise, Customs, constant US$, millions, not seas. adj.",DXGSRMRCHNSKD,4666865.97028704
Developing Countries,DEV,"Imports Merchandise, Customs, constant US$, millions, not seas. adj.",DMGSRMRCHNSKD,4842112.33842557
Developing Countries,DEV,"GDP,constant 2010 LCU,millions,seas. adj.,",NYGDPMKTPSAKN,..
Developing Countries,DEV,"Total Reserves,,,,",TOTRESV,6146027.81739052
Developing Countries,DEV,"Unemployment rate,Percent,,,",UNEMPSA_,6.4657285114
Djibouti,DJI,"Exports Merchandise, Customs, constant US$, millions, not seas. adj.",DXGSRMRCHNSKD,..
Djibouti,DJI,"Imports Merchandise, Customs, constant US$, millions, not seas. adj.",DMGSRMRCHNSKD,..
Djibouti,DJI,"GDP,constant 2010 LCU,millions,seas. adj.,",NYGDPMKTPSAKN,..
Djibouti,DJI,"Total Reserves,,,,",TOTRESV,454.1939097186
Djibouti,DJI,"Unemployment rate,Percent,,,",UNEMPSA_,..
Dominica,DMA,"Exports Merchandise, Customs, constant US$, millions, not seas. adj.",DXGSRMRCHNSKD,..
Dominica,DMA,"Imports Merchandise, Customs, constant US$, millions, not seas. adj.",DMGSRMRCHNSKD,..
Dominica,DMA,"GDP,constant 2010 LCU,millions,seas. adj.,",NYGDPMKTPSAKN,..
Dominica,DMA,"Total Reserves,,,,",TOTRESV,191.32322830539
Dominica,DMA,"Unemployment rate,Percent,,,",UNEMPSA_,..
Dominican Republic,DOM,"Exports Merchandise, Customs, constant US$, millions, not seas. adj.",DXGSRMRCHNSKD,..
Dominican Republic,DOM,"Imports Merchandise, Customs, constant US$, millions, not seas. adj.",DMGSRMRCHNSKD,..
Dominican Republic,DOM,"GDP,constant 2010 LCU,millions,seas. adj.,",NYGDPMKTPSAKN,..
Dominican Republic,DOM,"Total Reserves,,,,",TOTRESV,7627.6
Dominican Republic,DOM,"Unemployment rate,Percent,,,",UNEMPSA_,5.62809222827
East Asia & Pacific developing,EAP,"Exports Merchandise, Customs, constant US$, millions, not seas. adj.",DXGSRMRCHNSKD,2850332.42605832
East Asia & Pacific developing,EAP,"Imports Merchandise, Customs, constant US$, millions, not seas. adj.",DMGSRMRCHNSKD,3079372.02870014
East Asia & Pacific developing,EAP,"GDP,constant 2010 LCU,millions,seas. adj.,",NYGDPMKTPSAKN,..
East Asia & Pacific developing,EAP,"Total Reserves,,,,",TOTRESV,3680568.75769594
East Asia & Pacific developing,EAP,"Unemployment rate,Percent,,,",UNEMPSA_,3.70425003874
Ecuador,ECU,"Exports Merchandise, Customs, constant US$, millions, not seas. adj.",DXGSRMRCHNSKD,..
Ecuador,ECU,"Imports Merchandise, Customs, constant US$, millions, not seas. adj.",DMGSRMRCHNSKD,..
Ecuador,ECU,"GDP,constant 2010 LCU,millions,seas. adj.,",NYGDPMKTPSAKN,71870.517
Ecuador,ECU,"Total Reserves,,,,",TOTRESV,2676.5
Ecuador,ECU,"Unemployment rate,Percent,,,",UNEMPSA_,4.0700106178
Egypt Arab Rep.,EGY,"Exports Merchandise, Customs, constant US$, millions, not seas. adj.",DXGSRMRCHNSKD,..
Egypt Arab Rep.,EGY,"Imports Merchandise, Customs, constant US$, millions, not seas. adj.",DMGSRMRCHNSKD,..
Egypt Arab Rep.,EGY,"GDP,constant 2010 LCU,millions,seas. adj.,",NYGDPMKTPSAKN,3751600
Egypt Arab Rep.,EGY,"Total Reserves,,,,",TOTRESV,42555
Egypt Arab Rep.,EGY,"Unemployment rate,Percent,,,",UNEMPSA_,9.85142700912
El Salvador,SLV,"Exports Merchandise, Customs, constant US$, millions, not seas. adj.",DXGSRMRCHNSKD,..
El Salvador,SLV,"Imports Merchandise, Customs, constant US$, millions, not seas. adj.",DMGSRMRCHNSKD,..
El Salvador,SLV,"GDP,constant 2010 LCU,millions,seas. adj.,",NYGDPMKTPSAKN,..
El Salvador,SLV,"Total Reserves,,,,",TOTRESV,3568.7
El Salvador,SLV,"Unemployment rate,Percent,,,",UNEMPSA_,..
EMDE East Asia and Pacific,EAA,"Exports Merchandise, Customs, constant US$, millions, not seas. adj.",DXGSRMRCHNSKD,2850332.42605832
EMDE East Asia and Pacific,EAA,"Imports Merchandise, Customs, constant US$, millions, not seas. adj.",DMGSRMRCHNSKD,3079372.02870014
EMDE East Asia and Pacific,EAA,"GDP,constant 2010 LCU,millions,seas. adj.,",NYGDPMKTPSAKN,..
EMDE East Asia and Pacific,EAA,"Total Reserves,,,,",TOTRESV,3684019.77877768
EMDE East Asia and Pacific,EAA,"Unemployment rate,Percent,,,",UNEMPSA_,3.70425003874
EMDE Europe and Central Asia,ECH,"Exports Merchandise, Customs, constant US$, millions, not seas. adj.",DXGSRMRCHNSKD,1436191.6105129
EMDE Europe and Central Asia,ECH,"Imports Merchandise, Customs, constant US$, millions, not seas. adj.",DMGSRMRCHNSKD,1463563.67675042
EMDE Europe and Central Asia,ECH,"GDP,constant 2010 LCU,millions,seas. adj.,",NYGDPMKTPSAKN,..
EMDE Europe and Central Asia,ECH,"Total Reserves,,,,",TOTRESV,891068.550337021
EMDE Europe and Central Asia,ECH,"Unemployment rate,Percent,,,",UNEMPSA_,6.33922128926
EMDE Latin America and the Caribbean,LAP,"Exports Merchandise, Customs, constant US$, millions, not seas. adj.",DXGSRMRCHNSKD,885283.469171028
EMDE Latin America and the Caribbean,LAP,"Imports Merchandise, Customs, constant US$, millions, not seas. adj.",DMGSRMRCHNSKD,756155.419617866
EMDE Latin America and the Caribbean,LAP,"GDP,constant 2010 LCU,millions,seas. adj.,",NYGDPMKTPSAKN,..
EMDE Latin America and the Caribbean,LAP,"Total Reserves,,,,",TOTRESV,809110.159769536
EMDE Latin America and the Caribbean,LAP,"Unemployment rate,Percent,,,",UNEMPSA_,8.62516514854
EMDE Middle East and North Africa,MNH,"Exports Merchandise, Customs, constant US$, millions, not seas. adj.",DXGSRMRCHNSKD,6991.64148417995
EMDE Middle East and North Africa,MNH,"Imports Merchandise, Customs, constant US$, millions, not seas. adj.",DMGSRMRCHNSKD,59078.4040148585
EMDE Middle East and North Africa,MNH,"GDP,constant 2010 LCU,millions,seas. adj.,",NYGDPMKTPSAKN,..
EMDE Middle East and North Africa,MNH,"Total Reserves,,,,",TOTRESV,..
EMDE Middle East and North Africa,MNH,"Unemployment rate,Percent,,,",UNEMPSA_,9.85706767435
EMDE South Asia,SAP,"Exports Merchandise, Customs, constant US$, millions, not seas. adj.",DXGSRMRCHNSKD,..
EMDE South Asia,SAP,"Imports Merchandise, Customs, constant US$, millions, not seas. adj.",DMGSRMRCHNSKD,..
EMDE South Asia,SAP,"GDP,constant 2010 LCU,millions,seas. adj.,",NYGDPMKTPSAKN,..
EMDE South Asia,SAP,"Total Reserves,,,,",TOTRESV,456604.944440859
EMDE South Asia,SAP,"Unemployment rate,Percent,,,",UNEMPSA_,..
EMDE Sub-Saharan Africa,SSP,"Exports Merchandise, Customs, constant US$, millions, not seas. adj.",DXGSRMRCHNSKD,6283.49929722268
EMDE Sub-Saharan Africa,SSP,"Imports Merchandise, Customs, constant US$, millions, not seas. adj.",DMGSRMRCHNSKD,..
EMDE Sub-Saharan Africa,SSP,"GDP,constant 2010 LCU,millions,seas. adj.,",NYGDPMKTPSAKN,..
EMDE Sub-Saharan Africa,SSP,"Total Reserves,,,,",TOTRESV,..
EMDE Sub-Saharan Africa,SSP,"Unemployment rate,Percent,,,",UNEMPSA_,27.11276876838
Emerging Market and Developing Economies,EMD,"Exports Merchandise, Customs, constant US$, millions, not seas. adj.",DXGSRMRCHNSKD,5185082.64652365
Emerging Market and Developing Economies,EMD,"Imports Merchandise, Customs, constant US$, millions, not seas. adj.",DMGSRMRCHNSKD,5351164.07531159
Emerging Market and Developing Economies,EMD,"GDP,constant 2010 LCU,millions,seas. adj.,",NYGDPMKTPSAKN,..
Emerging Market and Developing Economies,EMD,"Total Reserves,,,,",TOTRESV,7188449.47671408
Emerging Market and Developing Economies,EMD,"Unemployment rate,Percent,,,",UNEMPSA_,6.43788883407
Equatorial Guinea,GNQ,"Exports Merchandise, Customs, constant US$, millions, not seas. adj.",DXGSRMRCHNSKD,..
Equatorial Guinea,GNQ,"Imports Merchandise, Customs, constant US$, millions, not seas. adj.",DMGSRMRCHNSKD,..
Equatorial Guinea,GNQ,"GDP,constant 2010 LCU,millions,seas. adj.,",NYGDPMKTPSAKN,..
Equatorial Guinea,GNQ,"Total Reserves,,,,",TOTRESV,48.92981361216
Equatorial Guinea,GNQ,"Unemployment rate,Percent,,,",UNEMPSA_,..
Eritrea,ERI,"Exports Merchandise, Customs, constant US$, millions, not seas. adj.",DXGSRMRCHNSKD,..
Eritrea,ERI,"Imports Merchandise, Customs, constant US$, millions, not seas. adj.",DMGSRMRCHNSKD,..
Eritrea,ERI,"GDP,constant 2010 LCU,millions,seas. adj.,",NYGDPMKTPSAKN,..
Eritrea,ERI,"Total Reserves,,,,",TOTRESV,..
Eritrea,ERI,"Unemployment rate,Percent,,,",UNEMPSA_,..
Estonia,EST,"Exports Merchandise, Customs, constant US$, millions, not seas. adj.",DXGSRMRCHNSKD,17947.4504941987
Estonia,EST,"Imports Merchandise, Customs, constant US$, millions, not seas. adj.",DMGSRMRCHNSKD,19477.0712233039
Estonia,EST,"GDP,constant 2010 LCU,millions,seas. adj.,",NYGDPMKTPSAKN,23618.3
Estonia,EST,"Total Reserves,,,,",TOTRESV,750.9348321509
Estonia,EST,"Unemployment rate,Percent,,,",UNEMPSA_,5.4
Ethiopia,ETH,"Exports Merchandise, Customs, constant US$, millions, not seas. adj.",DXGSRMRCHNSKD,..
Ethiopia,ETH,"Imports Merchandise, Customs, constant US$, millions, not seas. adj.",DMGSRMRCHNSKD,..
Ethiopia,ETH,"GDP,constant 2010 LCU,millions,seas. adj.,",NYGDPMKTPSAKN,..
Ethiopia,ETH,"Total Reserves,,,,",TOTRESV,..
Ethiopia,ETH,"Unemployment rate,Percent,,,",UNEMPSA_,..
Europe and Central Asia developing,ECA,"Exports Merchandise, Customs, constant US$, millions, not seas. adj.",DXGSRMRCHNSKD,993831.080251614
Europe and Central Asia developing,ECA,"Imports Merchandise, Customs, constant US$, millions, not seas. adj.",DMGSRMRCHNSKD,1029534.97115867
Europe and Central Asia developing,ECA,"GDP,constant 2010 LCU,millions,seas. adj.,",NYGDPMKTPSAKN,..
Europe and Central Asia developing,ECA,"Total Reserves,,,,",TOTRESV,714460.336001233
Europe and Central Asia developing,ECA,"Unemployment rate,Percent,,,",UNEMPSA_,6.64774319823
Faeroe Islands,FRO,"Exports Merchandise, Customs, constant US$, millions, not seas. adj.",DXGSRMRCHNSKD,..
Faeroe Islands,FRO,"Imports Merchandise, Customs, constant US$, millions, not seas. adj.",DMGSRMRCHNSKD,..
Faeroe Islands,FRO,"GDP,constant 2010 LCU,millions,seas. adj.,",NYGDPMKTPSAKN,..
Faeroe Islands,FRO,"Total Reserves,,,,",TOTRESV,..
Faeroe Islands,FRO,"Unemployment rate,Percent,,,",UNEMPSA_,..
Fiji,FJI,"Exports Merchandise, Customs, constant US$, millions, not seas. adj.",DXGSRMRCHNSKD,..
Fiji,FJI,"Imports Merchandise, Customs, constant US$, millions, not seas. adj.",DMGSRMRCHNSKD,..
Fiji,FJI,"GDP,constant 2010 LCU,millions,seas. adj.,",NYGDPMKTPSAKN,..
Fiji,FJI,"Total Reserves,,,,",TOTRESV,..
Fiji,FJI,"Unemployment rate,Percent,,,",UNEMPSA_,..
Finland,FIN,"Exports Merchandise, Customs, constant US$, millions, not seas. adj.",DXGSRMRCHNSKD,81237.3975399047
Finland,FIN,"Imports Merchandise, Customs, constant US$, millions, not seas. adj.",DMGSRMRCHNSKD,82939.8135494947
Finland,FIN,"GDP,constant 2010 LCU,millions,seas. adj.,",NYGDPMKTPSAKN,203448
Finland,FIN,"Total Reserves,,,,",TOTRESV,8360.77834639762
Finland,FIN,"Unemployment rate,Percent,,,",UNEMPSA_,7.33026426835
France,FRA,"Exports Merchandise, Customs, constant US$, millions, not seas. adj.",DXGSRMRCHNSKD,726825.046985566
France,FRA,"Imports Merchandise, Customs, constant US$, millions, not seas. adj.",DMGSRMRCHNSKD,814413.967110122
France,FRA,"GDP,constant 2010 LCU,millions,seas. adj.,",NYGDPMKTPSAKN,2289805
France,FRA,"Total Reserves,,,,",TOTRESV,70844.4341022751
France,FRA,"Unemployment rate,Percent,,,",UNEMPSA_,8.7
French Polynesia,PYF,"Exports Merchandise, Customs, constant US$, millions, not seas. adj.",DXGSRMRCHNSKD,..
French Polynesia,PYF,"Imports Merchandise, Customs, constant US$, millions, not seas. adj.",DMGSRMRCHNSKD,..
French Polynesia,PYF,"GDP,constant 2010 LCU,millions,seas. adj.,",NYGDPMKTPSAKN,..
French Polynesia,PYF,"Total Reserves,,,,",TOTRESV,..
French Polynesia,PYF,"Unemployment rate,Percent,,,",UNEMPSA_,..
Gabon,GAB,"Exports Merchandise, Customs, constant US$, millions, not seas. adj.",DXGSRMRCHNSKD,..
Gabon,GAB,"Imports Merchandise, Customs, constant US$, millions, not seas. adj.",DMGSRMRCHNSKD,..
Gabon,GAB,"GDP,constant 2010 LCU,millions,seas. adj.,",NYGDPMKTPSAKN,..
Gabon,GAB,"Total Reserves,,,,",TOTRESV,..
Gabon,GAB,"Unemployment rate,Percent,,,",UNEMPSA_,..
Gambia The,GMB,"Exports Merchandise, Customs, constant US$, millions, not seas. adj.",DXGSRMRCHNSKD,..
Gambia The,GMB,"Imports Merchandise, Customs, constant US$, millions, not seas. adj.",DMGSRMRCHNSKD,..
Gambia The,GMB,"GDP,constant 2010 LCU,millions,seas. adj.,",NYGDPMKTPSAKN,..
Gambia The,GMB,"Total Reserves,,,,",TOTRESV,191.7732609803
Gambia The,GMB,"Unemployment rate,Percent,,,",UNEMPSA_,..
Georgia,GEO,"Exports Merchandise, Customs, constant US$, millions, not seas. adj.",DXGSRMRCHNSKD,..
Georgia,GEO,"Imports Merchandise, Customs, constant US$, millions, not seas. adj.",DMGSRMRCHNSKD,..
Georgia,GEO,"GDP,constant 2010 LCU,millions,seas. adj.,",NYGDPMKTPSAKN,..
Georgia,GEO,"Total Reserves,,,,",TOTRESV,3288.83
Georgia,GEO,"Unemployment rate,Percent,,,",UNEMPSA_,..
Germany,DEU,"Exports Merchandise, Customs, constant US$, millions, not seas. adj.",DXGSRMRCHNSKD,1713190.81329879
Germany,DEU,"Imports Merchandise, Customs, constant US$, millions, not seas. adj.",DMGSRMRCHNSKD,1429758.08544883
Germany,DEU,"GDP,constant 2010 LCU,millions,seas. adj.,",NYGDPMKTPSAKN,3223360
Germany,DEU,"Total Reserves,,,,",TOTRESV,64243.4946718625
Germany,DEU,"Unemployment rate,Percent,,,",UNEMPSA_,3.3977861578
Ghana,GHA,"Exports Merchandise, Customs, constant US$, millions, not seas. adj.",DXGSRMRCHNSKD,..
Ghana,GHA,"Imports Merchandise, Customs, constant US$, millions, not seas. adj.",DMGSRMRCHNSKD,..
Ghana,GHA,"GDP,constant 2010 LCU,millions,seas. adj.,",NYGDPMKTPSAKN,150825
Ghana,GHA,"Total Reserves,,,,",TOTRESV,5872.7269224596
Ghana,GHA,"Unemployment rate,Percent,,,",UNEMPSA_,..
Greece,GRC,"Exports Merchandise, Customs, constant US$, millions, not seas. adj.",DXGSRMRCHNSKD,..
Greece,GRC,"Imports Merchandise, Customs, constant US$, millions, not seas. adj.",DMGSRMRCHNSKD,..
Greece,GRC,"GDP,constant 2010 LCU,millions,seas. adj.,",NYGDPMKTPSAKN,190565
Greece,GRC,"Total Reserves,,,,",TOTRESV,3089.35303180254
Greece,GRC,"Unemployment rate,Percent,,,",UNEMPSA_,19.25316507632
Greenland,GRL,"Exports Merchandise, Customs, constant US$, millions, not seas. adj.",DXGSRMRCHNSKD,..
Greenland,GRL,"Imports Merchandise, Customs, constant US$, millions, not seas. adj.",DMGSRMRCHNSKD,..
Greenland,GRL,"GDP,constant 2010 LCU,millions,seas. adj.,",NYGDPMKTPSAKN,..
Greenland,GRL,"Total Reserves,,,,",TOTRESV,..
Greenland,GRL,"Unemployment rate,Percent,,,",UNEMPSA_,..
Grenada,GRD,"Exports Merchandise, Customs, constant US$, millions, not seas. adj.",DXGSRMRCHNSKD,..
Grenada,GRD,"Imports Merchandise, Customs, constant US$, millions, not seas. adj.",DMGSRMRCHNSKD,..
Grenada,GRD,"GDP,constant 2010 LCU,millions,seas. adj.,",NYGDPMKTPSAKN,..
Grenada,GRD,"Total Reserves,,,,",TOTRESV,233.81743280738
Grenada,GRD,"Unemployment rate,Percent,,,",UNEMPSA_,..
Guatemala,GTM,"Exports Merchandise, Customs, constant US$, millions, not seas. adj.",DXGSRMRCHNSKD,..
Guatemala,GTM,"Imports Merchandise, Customs, constant US$, millions, not seas. adj.",DMGSRMRCHNSKD,..
Guatemala,GTM,"GDP,constant 2010 LCU,millions,seas. adj.,",NYGDPMKTPSAKN,494220.493736985
Guatemala,GTM,"Total Reserves,,,,",TOTRESV,..
Guatemala,GTM,"Unemployment rate,Percent,,,",UNEMPSA_,..
Guinea,GIN,"Exports Merchandise, Customs, constant US$, millions, not seas. adj.",DXGSRMRCHNSKD,..
Guinea,GIN,"Imports Merchandise, Customs, constant US$, millions, not seas. adj.",DMGSRMRCHNSKD,..
Guinea,GIN,"GDP,constant 2010 LCU,millions,seas. adj.,",NYGDPMKTPSAKN,..
Guinea,GIN,"Total Reserves,,,,",TOTRESV,..
Guinea,GIN,"Unemployment rate,Percent,,,",UNEMPSA_,..
Guinea-Bissau,GNB,"Exports Merchandise, Customs, constant US$, millions, not seas. adj.",DXGSRMRCHNSKD,..
Guinea-Bissau,GNB,"Imports Merchandise, Customs, constant US$, millions, not seas. adj.",DMGSRMRCHNSKD,..
Guinea-Bissau,GNB,"GDP,constant 2010 LCU,millions,seas. adj.,",NYGDPMKTPSAKN,..
Guinea-Bissau,GNB,"Total Reserves,,,,",TOTRESV,..
Guinea-Bissau,GNB,"Unemployment rate,Percent,,,",UNEMPSA_,..
Guyana,GUY,"Exports Merchandise, Customs, constant US$, millions, not seas. adj.",DXGSRMRCHNSKD,..
Guyana,GUY,"Imports Merchandise, Customs, constant US$, millions, not seas. adj.",DMGSRMRCHNSKD,..
Guyana,GUY,"GDP,constant 2010 LCU,millions,seas. adj.,",NYGDPMKTPSAKN,..
Guyana,GUY,"Total Reserves,,,,",TOTRESV,518.50936945431
Guyana,GUY,"Unemployment rate,Percent,,,",UNEMPSA_,..
Haiti,HTI,"Exports Merchandise, Customs, constant US$, millions, not seas. adj.",DXGSRMRCHNSKD,..
Haiti,HTI,"Imports Merchandise, Customs, constant US$, millions, not seas. adj.",DMGSRMRCHNSKD,..
Haiti,HTI,"GDP,constant 2010 LCU,millions,seas. adj.,",NYGDPMKTPSAKN,..
Haiti,HTI,"Total Reserves,,,,",TOTRESV,..
Haiti,HTI,"Unemployment rate,Percent,,,",UNEMPSA_,..
High Income Countries,HIY,"Exports Merchandise, Customs, constant US$, millions, not seas. adj.",DXGSRMRCHNSKD,10794462.7763745
High Income Countries,HIY,"Imports Merchandise, Customs, constant US$, millions, not seas. adj.",DMGSRMRCHNSKD,11295406.7138045
High Income Countries,HIY,"GDP,constant 2010 LCU,millions,seas. adj.,",NYGDPMKTPSAKN,..
High Income Countries,HIY,"Total Reserves,,,,",TOTRESV,5959993.69421739
High Income Countries,HIY,"Unemployment rate,Percent,,,",UNEMPSA_,5.38141972405
Honduras,HND,"Exports Merchandise, Customs, constant US$, millions, not seas. adj.",DXGSRMRCHNSKD,..
Honduras,HND,"Imports Merchandise, Customs, constant US$, millions, not seas. adj.",DMGSRMRCHNSKD,..
Honduras,HND,"GDP,constant 2010 LCU,millions,seas. adj.,",NYGDPMKTPSAKN,214716
Honduras,HND,"Total Reserves,,,,",TOTRESV,..
Honduras,HND,"Unemployment rate,Percent,,,",UNEMPSA_,..
Hong Kong China,HKG,"Exports Merchandise, Customs, constant US$, millions, not seas. adj.",DXGSRMRCHNSKD,440401.649477988
Hong Kong China,HKG,"Imports Merchandise, Customs, constant US$, millions, not seas. adj.",DMGSRMRCHNSKD,498001.869008972
Hong Kong China,HKG,"GDP,constant 2010 LCU,millions,seas. adj.,",NYGDPMKTPSAKN,2835161
Hong Kong China,HKG,"Total Reserves,,,,",TOTRESV,424670
Hong Kong China,HKG,"Unemployment rate,Percent,,,",UNEMPSA_,2.82777981344
Hungary,HUN,"Exports Merchandise, Customs, constant US$, millions, not seas. adj.",DXGSRMRCHNSKD,153070.521576753
Hungary,HUN,"Imports Merchandise, Customs, constant US$, millions, not seas. adj.",DMGSRMRCHNSKD,142383.215053563
Hungary,HUN,"GDP,constant 2010 LCU,millions,seas. adj.,",NYGDPMKTPSAKN,39015808
Hungary,HUN,"Total Reserves,,,,",TOTRESV,31360
Hungary,HUN,"Unemployment rate,Percent,,,",UNEMPSA_,3.75
Iceland,ISL,"Exports Merchandise, Customs, constant US$, millions, not seas. adj.",DXGSRMRCHNSKD,..
Iceland,ISL,"Imports Merchandise, Customs, constant US$, millions, not seas. adj.",DMGSRMRCHNSKD,6140.17674996182
Iceland,ISL,"GDP,constant 2010 LCU,millions,seas. adj.,",NYGDPMKTPSAKN,1488210
Iceland,ISL,"Total Reserves,,,,",TOTRESV,6242.48313928617
Iceland,ISL,"Unemployment rate,Percent,,,",UNEMPSA_,2.79226832356
India,IND,"Exports Merchandise, Customs, constant US$, millions, not seas. adj.",DXGSRMRCHNSKD,..
India,IND,"Imports Merchandise, Customs, constant US$, millions, not seas. adj.",DMGSRMRCHNSKD,..
India,IND,"GDP,constant 2010 LCU,millions,seas. adj.,",NYGDPMKTPSAKN,137874250
India,IND,"Total Reserves,,,,",TOTRESV,395591
India,IND,"Unemployment rate,Percent,,,",UNEMPSA_,..
Indonesia,IDN,"Exports Merchandise, Customs, constant US$, millions, not seas. adj.",DXGSRMRCHNSKD,173615.224198115
Indonesia,IDN,"Imports Merchandise, Customs, constant US$, millions, not seas. adj.",DMGSRMRCHNSKD,189388.197252724
Indonesia,IDN,"GDP,constant 2010 LCU,millions,seas. adj.,",NYGDPMKTPSAKN,10423511056.6873
Indonesia,IDN,"Total Reserves,,,,",TOTRESV,120654.27
Indonesia,IDN,"Unemployment rate,Percent,,,",UNEMPSA_,..
Iran Islamic Rep.,IRN,"Exports Merchandise, Customs, constant US$, millions, not seas. adj.",DXGSRMRCHNSKD,..
Iran Islamic Rep.,IRN,"Imports Merchandise, Customs, constant US$, millions, not seas. adj.",DMGSRMRCHNSKD,..
Iran Islamic Rep.,IRN,"GDP,constant 2010 LCU,millions,seas. adj.,",NYGDPMKTPSAKN,..
Iran Islamic Rep.,IRN,"Total Reserves,,,,",TOTRESV,..
Iran Islamic Rep.,IRN,"Unemployment rate,Percent,,,",UNEMPSA_,..
Iraq,IRQ,"Exports Merchandise, Customs, constant US$, millions, not seas. adj.",DXGSRMRCHNSKD,..
Iraq,IRQ,"Imports Merchandise, Customs, constant US$, millions, not seas. adj.",DMGSRMRCHNSKD,..
Iraq,IRQ,"GDP,constant 2010 LCU,millions,seas. adj.,",NYGDPMKTPSAKN,..
Iraq,IRQ,"Total Reserves,,,,",TOTRESV,..
Iraq,IRQ,"Unemployment rate,Percent,,,",UNEMPSA_,..
Ireland,IRL,"Exports Merchandise, Customs, constant US$, millions, not seas. adj.",DXGSRMRCHNSKD,200504.128043522
Ireland,IRL,"Imports Merchandise, Customs, constant US$, millions, not seas. adj.",DMGSRMRCHNSKD,124187.768066859
Ireland,IRL,"GDP,constant 2010 LCU,millions,seas. adj.,",NYGDPMKTPSAKN,326854
Ireland,IRL,"Total Reserves,,,,",TOTRESV,4986.97187758473
Ireland,IRL,"Unemployment rate,Percent,,,",UNEMPSA_,5.775
Isle of Man,IMN,"Exports Merchandise, Customs, constant US$, millions, not seas. adj.",DXGSRMRCHNSKD,..
Isle of Man,IMN,"Imports Merchandise, Customs, constant US$, millions, not seas. adj.",DMGSRMRCHNSKD,..
Isle of Man,IMN,"GDP,constant 2010 LCU,millions,seas. adj.,",NYGDPMKTPSAKN,..
Isle of Man,IMN,"Total Reserves,,,,",TOTRESV,..
Isle of Man,IMN,"Unemployment rate,Percent,,,",UNEMPSA_,..
Israel,ISR,"Exports Merchandise, Customs, constant US$, millions, not seas. adj.",DXGSRMRCHNSKD,47431.1811850522
Israel,ISR,"Imports Merchandise, Customs, constant US$, millions, not seas. adj.",DMGSRMRCHNSKD,71508.6901091692
Israel,ISR,"GDP,constant 2010 LCU,millions,seas. adj.,",NYGDPMKTPSAKN,1300623
Israel,ISR,"Total Reserves,,,,",TOTRESV,115265.900520851
Israel,ISR,"Unemployment rate,Percent,,,",UNEMPSA_,4.00833333333
Italy,ITA,"Exports Merchandise, Customs, constant US$, millions, not seas. adj.",DXGSRMRCHNSKD,507574.411302852
Italy,ITA,"Imports Merchandise, Customs, constant US$, millions, not seas. adj.",DMGSRMRCHNSKD,717.15261806759
Italy,ITA,"GDP,constant 2010 LCU,millions,seas. adj.,",NYGDPMKTPSAKN,1718064
Italy,ITA,"Total Reserves,,,,",TOTRESV,55411.8928044241
Italy,ITA,"Unemployment rate,Percent,,,",UNEMPSA_,10.60800195335
Jamaica,JAM,"Exports Merchandise, Customs, constant US$, millions, not seas. adj.",DXGSRMRCHNSKD,..
Jamaica,JAM,"Imports Merchandise, Customs, constant US$, millions, not seas. adj.",DMGSRMRCHNSKD,..
Jamaica,JAM,"GDP,constant 2010 LCU,millions,seas. adj.,",NYGDPMKTPSAKN,..
Jamaica,JAM,"Total Reserves,,,,",TOTRESV,3005.41
Jamaica,JAM,"Unemployment rate,Percent,,,",UNEMPSA_,..
Japan,JPN,"Exports Merchandise, Customs, constant US$, millions, not seas. adj.",DXGSRMRCHNSKD,842886.94559548
Japan,JPN,"Imports Merchandise, Customs, constant US$, millions, not seas. adj.",DMGSRMRCHNSKD,800689.871681208
Japan,JPN,"GDP,constant 2010 LCU,millions,seas. adj.,",NYGDPMKTPSAKN,532545500
Japan,JPN,"Total Reserves,,,,",TOTRESV,1240519.08087596
Japan,JPN,"Unemployment rate,Percent,,,",UNEMPSA_,2.44119927226
Jordan,JOR,"Exports Merchandise, Customs, constant US$, millions, not seas. adj.",DXGSRMRCHNSKD,6991.64148417995
Jordan,JOR,"Imports Merchandise, Customs, constant US$, millions, not seas. adj.",DMGSRMRCHNSKD,14007.617120991
Jordan,JOR,"GDP,constant 2010 LCU,millions,seas. adj.,",NYGDPMKTPSAKN,29468.6892749481
Jordan,JOR,"Total Reserves,,,,",TOTRESV,22797.0415590514
Jordan,JOR,"Unemployment rate,Percent,,,",UNEMPSA_,18.6
Kazakhstan,KAZ,"Exports Merchandise, Customs, constant US$, millions, not seas. adj.",DXGSRMRCHNSKD,..
Kazakhstan,KAZ,"Imports Merchandise, Customs, constant US$, millions, not seas. adj.",DMGSRMRCHNSKD,56649.9407663108
Kazakhstan,KAZ,"GDP,constant 2010 LCU,millions,seas. adj.,",NYGDPMKTPSAKN,14094250.1791271
Kazakhstan,KAZ,"Total Reserves,,,,",TOTRESV,30927
Kazakhstan,KAZ,"Unemployment rate,Percent,,,",UNEMPSA_,4.85
Kenya,KEN,"Exports Merchandise, Customs, constant US$, millions, not seas. adj.",DXGSRMRCHNSKD,..
Kenya,KEN,"Imports Merchandise, Customs, constant US$, millions, not seas. adj.",DMGSRMRCHNSKD,..
Kenya,KEN,"GDP,constant 2010 LCU,millions,seas. adj.,",NYGDPMKTPSAKN,4792300
Kenya,KEN,"Total Reserves,,,,",TOTRESV,11654
Kenya,KEN,"Unemployment rate,Percent,,,",UNEMPSA_,..
Kiribati,KIR,"Exports Merchandise, Customs, constant US$, millions, not seas. adj.",DXGSRMRCHNSKD,..
Kiribati,KIR,"Imports Merchandise, Customs, constant US$, millions, not seas. adj.",DMGSRMRCHNSKD,..
Kiribati,KIR,"GDP,constant 2010 LCU,millions,seas. adj.,",NYGDPMKTPSAKN,..
Kiribati,KIR,"Total Reserves,,,,",TOTRESV,..
Kiribati,KIR,"Unemployment rate,Percent,,,",UNEMPSA_,..
Korea Rep.,KOR,"Exports Merchandise, Customs, constant US$, millions, not seas. adj.",DXGSRMRCHNSKD,662104.970030635
Korea Rep.,KOR,"Imports Merchandise, Customs, constant US$, millions, not seas. adj.",DMGSRMRCHNSKD,564105.495767021
Korea Rep.,KOR,"GDP,constant 2010 LCU,millions,seas. adj.,",NYGDPMKTPSAKN,1812005300
Korea Rep.,KOR,"Total Reserves,,,,",TOTRESV,403694.3
Korea Rep.,KOR,"Unemployment rate,Percent,,,",UNEMPSA_,3.85
Kuwait,KWT,"Exports Merchandise, Customs, constant US$, millions, not seas. adj.",DXGSRMRCHNSKD,..
Kuwait,KWT,"Imports Merchandise, Customs, constant US$, millions, not seas. adj.",DMGSRMRCHNSKD,..
Kuwait,KWT,"GDP,constant 2010 LCU,millions,seas. adj.,",NYGDPMKTPSAKN,39257.3565205907
Kuwait,KWT,"Total Reserves,,,,",TOTRESV,..
Kuwait,KWT,"Unemployment rate,Percent,,,",UNEMPSA_,..
Kyrgyz Republic,KGZ,"Exports Merchandise, Customs, constant US$, millions, not seas. adj.",DXGSRMRCHNSKD,..
Kyrgyz Republic,KGZ,"Imports Merchandise, Customs, constant US$, millions, not seas. adj.",DMGSRMRCHNSKD,..
Kyrgyz Republic,KGZ,"GDP,constant 2010 LCU,millions,seas. adj.,",NYGDPMKTPSAKN,..
Kyrgyz Republic,KGZ,"Total Reserves,,,,",TOTRESV,2155.46
Kyrgyz Republic,KGZ,"Unemployment rate,Percent,,,",UNEMPSA_,..
Lao PDR,LAO,"Exports Merchandise, Customs, constant US$, millions, not seas. adj.",DXGSRMRCHNSKD,..
Lao PDR,LAO,"Imports Merchandise, Customs, constant US$, millions, not seas. adj.",DMGSRMRCHNSKD,..
Lao PDR,LAO,"GDP,constant 2010 LCU,millions,seas. adj.,",NYGDPMKTPSAKN,..
Lao PDR,LAO,"Total Reserves,,,,",TOTRESV,..
Lao PDR,LAO,"Unemployment rate,Percent,,,",UNEMPSA_,..
Latin America & Caribbean developing,LAC,"Exports Merchandise, Customs, constant US$, millions, not seas. adj.",DXGSRMRCHNSKD,809427.323195709
Latin America & Caribbean developing,LAC,"Imports Merchandise, Customs, constant US$, millions, not seas. adj.",DMGSRMRCHNSKD,682711.762285997
Latin America & Caribbean developing,LAC,"GDP,constant 2010 LCU,millions,seas. adj.,",NYGDPMKTPSAKN,..
Latin America & Caribbean developing,LAC,"Total Reserves,,,,",TOTRESV,721148.994376185
Latin America & Caribbean developing,LAC,"Unemployment rate,Percent,,,",UNEMPSA_,8.67468774712
Latvia,LVA,"Exports Merchandise, Customs, constant US$, millions, not seas. adj.",DXGSRMRCHNSKD,..
Latvia,LVA,"Imports Merchandise, Customs, constant US$, millions, not seas. adj.",DMGSRMRCHNSKD,..
Latvia,LVA,"GDP,constant 2010 LCU,millions,seas. adj.,",NYGDPMKTPSAKN,26921
Latvia,LVA,"Total Reserves,,,,",TOTRESV,..
Latvia,LVA,"Unemployment rate,Percent,,,",UNEMPSA_,7.39593495056
Lebanon,LBN,"Exports Merchandise, Customs, constant US$, millions, not seas. adj.",DXGSRMRCHNSKD,..
Lebanon,LBN,"Imports Merchandise, Customs, constant US$, millions, not seas. adj.",DMGSRMRCHNSKD,..
Lebanon,LBN,"GDP,constant 2010 LCU,millions,seas. adj.,",NYGDPMKTPSAKN,..
Lebanon,LBN,"Total Reserves,,,,",TOTRESV,..
Lebanon,LBN,"Unemployment rate,Percent,,,",UNEMPSA_,..
Lesotho,LSO,"Exports Merchandise, Customs, constant US$, millions, not seas. adj.",DXGSRMRCHNSKD,..
Lesotho,LSO,"Imports Merchandise, Customs, constant US$, millions, not seas. adj.",DMGSRMRCHNSKD,..
Lesotho,LSO,"GDP,constant 2010 LCU,millions,seas. adj.,",NYGDPMKTPSAKN,..
Lesotho,LSO,"Total Reserves,,,,",TOTRESV,728.52764997949
Lesotho,LSO,"Unemployment rate,Percent,,,",UNEMPSA_,..
Liberia,LBR,"Exports Merchandise, Customs, constant US$, millions, not seas. adj.",DXGSRMRCHNSKD,..
Liberia,LBR,"Imports Merchandise, Customs, constant US$, millions, not seas. adj.",DMGSRMRCHNSKD,..
Liberia,LBR,"GDP,constant 2010 LCU,millions,seas. adj.,",NYGDPMKTPSAKN,..
Liberia,LBR,"Total Reserves,,,,",TOTRESV,..
Liberia,LBR,"Unemployment rate,Percent,,,",UNEMPSA_,..
Libya,LBY,"Exports Merchandise, Customs, constant US$, millions, not seas. adj.",DXGSRMRCHNSKD,..
Libya,LBY,"Imports Merchandise, Customs, constant US$, millions, not seas. adj.",DMGSRMRCHNSKD,..
Libya,LBY,"GDP,constant 2010 LCU,millions,seas. adj.,",NYGDPMKTPSAKN,..
Libya,LBY,"Total Reserves,,,,",TOTRESV,..
Libya,LBY,"Unemployment rate,Percent,,,",UNEMPSA_,..
Lithuania,LTU,"Exports Merchandise, Customs, constant US$, millions, not seas. adj.",DXGSRMRCHNSKD,..
Lithuania,LTU,"Imports Merchandise, Customs, constant US$, millions, not seas. adj.",DMGSRMRCHNSKD,..
Lithuania,LTU,"GDP,constant 2010 LCU,millions,seas. adj.,",NYGDPMKTPSAKN,41389
Lithuania,LTU,"Total Reserves,,,,",TOTRESV,5774.6
Lithuania,LTU,"Unemployment rate,Percent,,,",UNEMPSA_,8.49166666667
Low Income Countries,LIC,"Exports Merchandise, Customs, constant US$, millions, not seas. adj.",DXGSRMRCHNSKD,6283.49929722268
Low Income Countries,LIC,"Imports Merchandise, Customs, constant US$, millions, not seas. adj.",DMGSRMRCHNSKD,..
Low Income Countries,LIC,"GDP,constant 2010 LCU,millions,seas. adj.,",NYGDPMKTPSAKN,..
Low Income Countries,LIC,"Total Reserves,,,,",TOTRESV,..
Low Income Countries,LIC,"Unemployment rate,Percent,,,",UNEMPSA_,..
Lower Middle Income Countries,LMC,"Exports Merchandise, Customs, constant US$, millions, not seas. adj.",DXGSRMRCHNSKD,84635.111424309
Lower Middle Income Countries,LMC,"Imports Merchandise, Customs, constant US$, millions, not seas. adj.",DMGSRMRCHNSKD,429579.52192649
Lower Middle Income Countries,LMC,"GDP,constant 2010 LCU,millions,seas. adj.,",NYGDPMKTPSAKN,..
Lower Middle Income Countries,LMC,"Total Reserves,,,,",TOTRESV,941900.636357489
Lower Middle Income Countries,LMC,"Unemployment rate,Percent,,,",UNEMPSA_,..
Luxembourg,LUX,"Exports Merchandise, Customs, constant US$, millions, not seas. adj.",DXGSRMRCHNSKD,..
Luxembourg,LUX,"Imports Merchandise, Customs, constant US$, millions, not seas. adj.",DMGSRMRCHNSKD,..
Luxembourg,LUX,"GDP,constant 2010 LCU,millions,seas. adj.,",NYGDPMKTPSAKN,50813.2
Luxembourg,LUX,"Total Reserves,,,,",TOTRESV,850.23291970218
Luxembourg,LUX,"Unemployment rate,Percent,,,",UNEMPSA_,5.458860946
Macao China,MAC,"Exports Merchandise, Customs, constant US$, millions, not seas. adj.",DXGSRMRCHNSKD,..
Macao China,MAC,"Imports Merchandise, Customs, constant US$, millions, not seas. adj.",DMGSRMRCHNSKD,..
Macao China,MAC,"GDP,constant 2010 LCU,millions,seas. adj.,",NYGDPMKTPSAKN,..
Macao China,MAC,"Total Reserves,,,,",TOTRESV,..
Macao China,MAC,"Unemployment rate,Percent,,,",UNEMPSA_,..
Macedonia FYR,MKD,"Exports Merchandise, Customs, constant US$, millions, not seas. adj.",DXGSRMRCHNSKD,..
Macedonia FYR,MKD,"Imports Merchandise, Customs, constant US$, millions, not seas. adj.",DMGSRMRCHNSKD,..
Macedonia FYR,MKD,"GDP,constant 2010 LCU,millions,seas. adj.,",NYGDPMKTPSAKN,451459.308457768
Macedonia FYR,MKD,"Total Reserves,,,,",TOTRESV,53.00488768536
Macedonia FYR,MKD,"Unemployment rate,Percent,,,",UNEMPSA_,20.71969174937
Madagascar,MDG,"Exports Merchandise, Customs, constant US$, millions, not seas. adj.",DXGSRMRCHNSKD,..
Madagascar,MDG,"Imports Merchandise, Customs, constant US$, millions, not seas. adj.",DMGSRMRCHNSKD,..
Madagascar,MDG,"GDP,constant 2010 LCU,millions,seas. adj.,",NYGDPMKTPSAKN,..
Madagascar,MDG,"Total Reserves,,,,",TOTRESV,1739.58829028962
Madagascar,MDG,"Unemployment rate,Percent,,,",UNEMPSA_,..
Malawi,MWI,"Exports Merchandise, Customs, constant US$, millions, not seas. adj.",DXGSRMRCHNSKD,..
Malawi,MWI,"Imports Merchandise, Customs, constant US$, millions, not seas. adj.",DMGSRMRCHNSKD,..
Malawi,MWI,"GDP,constant 2010 LCU,millions,seas. adj.,",NYGDPMKTPSAKN,..
Malawi,MWI,"Total Reserves,,,,",TOTRESV,..
Malawi,MWI,"Unemployment rate,Percent,,,",UNEMPSA_,..
Malaysia,MYS,"Exports Merchandise, Customs, constant US$, millions, not seas. adj.",DXGSRMRCHNSKD,255566.103675407
Malaysia,MYS,"Imports Merchandise, Customs, constant US$, millions, not seas. adj.",DMGSRMRCHNSKD,219935.060250132
Malaysia,MYS,"GDP,constant 2010 LCU,millions,seas. adj.,",NYGDPMKTPSAKN,1362396
Malaysia,MYS,"Total Reserves,,,,",TOTRESV,101443.9
Malaysia,MYS,"Unemployment rate,Percent,,,",UNEMPSA_,..
Maldives,MDV,"Exports Merchandise, Customs, constant US$, millions, not seas. adj.",DXGSRMRCHNSKD,..
Maldives,MDV,"Imports Merchandise, Customs, constant US$, millions, not seas. adj.",DMGSRMRCHNSKD,..
Maldives,MDV,"GDP,constant 2010 LCU,millions,seas. adj.,",NYGDPMKTPSAKN,..
Maldives,MDV,"Total Reserves,,,,",TOTRESV,722.0686987769
Maldives,MDV,"Unemployment rate,Percent,,,",UNEMPSA_,..
Mali,MLI,"Exports Merchandise, Customs, constant US$, millions, not seas. adj.",DXGSRMRCHNSKD,..
Mali,MLI,"Imports Merchandise, Customs, constant US$, millions, not seas. adj.",DMGSRMRCHNSKD,..
Mali,MLI,"GDP,constant 2010 LCU,millions,seas. adj.,",NYGDPMKTPSAKN,..
Mali,MLI,"Total Reserves,,,,",TOTRESV,..
Mali,MLI,"Unemployment rate,Percent,,,",UNEMPSA_,..
Malta,MLT,"Exports Merchandise, Customs, constant US$, millions, not seas. adj.",DXGSRMRCHNSKD,..
Malta,MLT,"Imports Merchandise, Customs, constant US$, millions, not seas. adj.",DMGSRMRCHNSKD,..
Malta,MLT,"GDP,constant 2010 LCU,millions,seas. adj.,",NYGDPMKTPSAKN,10546.3584838188
Malta,MLT,"Total Reserves,,,,",TOTRESV,1021.02929659399
Malta,MLT,"Unemployment rate,Percent,,,",UNEMPSA_,3.70089976467
Mauritania,MRT,"Exports Merchandise, Customs, constant US$, millions, not seas. adj.",DXGSRMRCHNSKD,..
Mauritania,MRT,"Imports Merchandise, Customs, constant US$, millions, not seas. adj.",DMGSRMRCHNSKD,..
Mauritania,MRT,"GDP,constant 2010 LCU,millions,seas. adj.,",NYGDPMKTPSAKN,..
Mauritania,MRT,"Total Reserves,,,,",TOTRESV,..
Mauritania,MRT,"Unemployment rate,Percent,,,",UNEMPSA_,..
Mauritius,MUS,"Exports Merchandise, Customs, constant US$, millions, not seas. adj.",DXGSRMRCHNSKD,..
Mauritius,MUS,"Imports Merchandise, Customs, constant US$, millions, not seas. adj.",DMGSRMRCHNSKD,..
Mauritius,MUS,"GDP,constant 2010 LCU,millions,seas. adj.,",NYGDPMKTPSAKN,..
Mauritius,MUS,"Total Reserves,,,,",TOTRESV,6249.9
Mauritius,MUS,"Unemployment rate,Percent,,,",UNEMPSA_,..
Mexico,MEX,"Exports Merchandise, Customs, constant US$, millions, not seas. adj.",DXGSRMRCHNSKD,464546.390377885
Mexico,MEX,"Imports Merchandise, Customs, constant US$, millions, not seas. adj.",DMGSRMRCHNSKD,408237.506582636
Mexico,MEX,"GDP,constant 2010 LCU,millions,seas. adj.,",NYGDPMKTPSAKN,18528859
Mexico,MEX,"Total Reserves,,,,",TOTRESV,174793
Mexico,MEX,"Unemployment rate,Percent,,,",UNEMPSA_,3.33083333333
Micronesia Fed. Sts.,FSM,"Exports Merchandise, Customs, constant US$, millions, not seas. adj.",DXGSRMRCHNSKD,..
Micronesia Fed. Sts.,FSM,"Imports Merchandise, Customs, constant US$, millions, not seas. adj.",DMGSRMRCHNSKD,..
Micronesia Fed. Sts.,FSM,"GDP,constant 2010 LCU,millions,seas. adj.,",NYGDPMKTPSAKN,..
Micronesia Fed. Sts.,FSM,"Total Reserves,,,,",TOTRESV,..
Micronesia Fed. Sts.,FSM,"Unemployment rate,Percent,,,",UNEMPSA_,..
Middle East & N. Africa developing,MNA,"Exports Merchandise, Customs, constant US$, millions, not seas. adj.",DXGSRMRCHNSKD,6991.64148417995
Middle East & N. Africa developing,MNA,"Imports Merchandise, Customs, constant US$, millions, not seas. adj.",DMGSRMRCHNSKD,59078.4040148585
Middle East & N. Africa developing,MNA,"GDP,constant 2010 LCU,millions,seas. adj.,",NYGDPMKTPSAKN,..
Middle East & N. Africa developing,MNA,"Total Reserves,,,,",TOTRESV,..
Middle East & N. Africa developing,MNA,"Unemployment rate,Percent,,,",UNEMPSA_,10.51993053911
Middle Income Countries,MIC,"Exports Merchandise, Customs, constant US$, millions, not seas. adj.",DXGSRMRCHNSKD,4660582.47098982
Middle Income Countries,MIC,"Imports Merchandise, Customs, constant US$, millions, not seas. adj.",DMGSRMRCHNSKD,4842112.33842557
Middle Income Countries,MIC,"GDP,constant 2010 LCU,millions,seas. adj.,",NYGDPMKTPSAKN,..
Middle Income Countries,MIC,"Total Reserves,,,,",TOTRESV,6096673.68271199
Middle Income Countries,MIC,"Unemployment rate,Percent,,,",UNEMPSA_,6.4657285114
Moldova,MDA,"Exports Merchandise, Customs, constant US$, millions, not seas. adj.",DXGSRMRCHNSKD,..
Moldova,MDA,"Imports Merchandise, Customs, constant US$, millions, not seas. adj.",DMGSRMRCHNSKD,..
Moldova,MDA,"GDP,constant 2010 LCU,millions,seas. adj.,",NYGDPMKTPSAKN,..
Moldova,MDA,"Total Reserves,,,,",TOTRESV,2995.18
Moldova,MDA,"Unemployment rate,Percent,,,",UNEMPSA_,..
Mongolia,MNG,"Exports Merchandise, Customs, constant US$, millions, not seas. adj.",DXGSRMRCHNSKD,..
Mongolia,MNG,"Imports Merchandise, Customs, constant US$, millions, not seas. adj.",DMGSRMRCHNSKD,..
Mongolia,MNG,"GDP,constant 2010 LCU,millions,seas. adj.,",NYGDPMKTPSAKN,18185556.9652853
Mongolia,MNG,"Total Reserves,,,,",TOTRESV,3549.1
Mongolia,MNG,"Unemployment rate,Percent,,,",UNEMPSA_,..
Morocco,MAR,"Exports Merchandise, Customs, constant US$, millions, not seas. adj.",DXGSRMRCHNSKD,..
Morocco,MAR,"Imports Merchandise, Customs, constant US$, millions, not seas. adj.",DMGSRMRCHNSKD,..
Morocco,MAR,"GDP,constant 2010 LCU,millions,seas. adj.,",NYGDPMKTPSAKN,979509
Morocco,MAR,"Total Reserves,,,,",TOTRESV,24515.8461211902
Morocco,MAR,"Unemployment rate,Percent,,,",UNEMPSA_,9.56947671566
Mozambique,MOZ,"Exports Merchandise, Customs, constant US$, millions, not seas. adj.",DXGSRMRCHNSKD,..
Mozambique,MOZ,"Imports Merchandise, Customs, constant US$, millions, not seas. adj.",DMGSRMRCHNSKD,..
Mozambique,MOZ,"GDP,constant 2010 LCU,millions,seas. adj.,",NYGDPMKTPSAKN,660561.870316755
Mozambique,MOZ,"Total Reserves,,,,",TOTRESV,..
Mozambique,MOZ,"Unemployment rate,Percent,,,",UNEMPSA_,..
Myanmar,MMR,"Exports Merchandise, Customs, constant US$, millions, not seas. adj.",DXGSRMRCHNSKD,..
Myanmar,MMR,"Imports Merchandise, Customs, constant US$, millions, not seas. adj.",DMGSRMRCHNSKD,..
Myanmar,MMR,"GDP,constant 2010 LCU,millions,seas. adj.,",NYGDPMKTPSAKN,..
Myanmar,MMR,"Total Reserves,,,,",TOTRESV,..
Myanmar,MMR,"Unemployment rate,Percent,,,",UNEMPSA_,..
Namibia,NAM,"Exports Merchandise, Customs, constant US$, millions, not seas. adj.",DXGSRMRCHNSKD,..
Namibia,NAM,"Imports Merchandise, Customs, constant US$, millions, not seas. adj.",DMGSRMRCHNSKD,..
Namibia,NAM,"GDP,constant 2010 LCU,millions,seas. adj.,",NYGDPMKTPSAKN,145462.734836957
Namibia,NAM,"Total Reserves,,,,",TOTRESV,2149.91690824883
Namibia,NAM,"Unemployment rate,Percent,,,",UNEMPSA_,..
Nepal,NPL,"Exports Merchandise, Customs, constant US$, millions, not seas. adj.",DXGSRMRCHNSKD,..
Nepal,NPL,"Imports Merchandise, Customs, constant US$, millions, not seas. adj.",DMGSRMRCHNSKD,..
Nepal,NPL,"GDP,constant 2010 LCU,millions,seas. adj.,",NYGDPMKTPSAKN,..
Nepal,NPL,"Total Reserves,,,,",TOTRESV,..
Nepal,NPL,"Unemployment rate,Percent,,,",UNEMPSA_,..
Netherlands,NLD,"Exports Merchandise, Customs, constant US$, millions, not seas. adj.",DXGSRMRCHNSKD,657721.826215451
Netherlands,NLD,"Imports Merchandise, Customs, constant US$, millions, not seas. adj.",DMGSRMRCHNSKD,602.27653989937
Netherlands,NLD,"GDP,constant 2010 LCU,millions,seas. adj.,",NYGDPMKTPSAKN,742972
Netherlands,NLD,"Total Reserves,,,,",TOTRESV,14197.1557138951
Netherlands,NLD,"Unemployment rate,Percent,,,",UNEMPSA_,4.77594561964
Netherlands Antilles,ANT,"Exports Merchandise, Customs, constant US$, millions, not seas. adj.",DXGSRMRCHNSKD,..
Netherlands Antilles,ANT,"Imports Merchandise, Customs, constant US$, millions, not seas. adj.",DMGSRMRCHNSKD,..
Netherlands Antilles,ANT,"GDP,constant 2010 LCU,millions,seas. adj.,",NYGDPMKTPSAKN,..
Netherlands Antilles,ANT,"Total Reserves,,,,",TOTRESV,..
Netherlands Antilles,ANT,"Unemployment rate,Percent,,,",UNEMPSA_,..
New Caledonia,NCL,"Exports Merchandise, Customs, constant US$, millions, not seas. adj.",DXGSRMRCHNSKD,..
New Caledonia,NCL,"Imports Merchandise, Customs, constant US$, millions, not seas. adj.",DMGSRMRCHNSKD,..
New Caledonia,NCL,"GDP,constant 2010 LCU,millions,seas. adj.,",NYGDPMKTPSAKN,..
New Caledonia,NCL,"Total Reserves,,,,",TOTRESV,..
New Caledonia,NCL,"Unemployment rate,Percent,,,",UNEMPSA_,..
New Zealand,NZL,"Exports Merchandise, Customs, constant US$, millions, not seas. adj.",DXGSRMRCHNSKD,35966.4395154457
New Zealand,NZL,"Imports Merchandise, Customs, constant US$, millions, not seas. adj.",DMGSRMRCHNSKD,48667.7480202786
New Zealand,NZL,"GDP,constant 2010 LCU,millions,seas. adj.,",NYGDPMKTPSAKN,250808
New Zealand,NZL,"Total Reserves,,,,",TOTRESV,17655
New Zealand,NZL,"Unemployment rate,Percent,,,",UNEMPSA_,4.29518622009
Nicaragua,NIC,"Exports Merchandise, Customs, constant US$, millions, not seas. adj.",DXGSRMRCHNSKD,..
Nicaragua,NIC,"Imports Merchandise, Customs, constant US$, millions, not seas. adj.",DMGSRMRCHNSKD,..
Nicaragua,NIC,"GDP,constant 2010 LCU,millions,seas. adj.,",NYGDPMKTPSAKN,178853.004024861
Nicaragua,NIC,"Total Reserves,,,,",TOTRESV,2261.1
Nicaragua,NIC,"Unemployment rate,Percent,,,",UNEMPSA_,..
Niger,NER,"Exports Merchandise, Customs, constant US$, millions, not seas. adj.",DXGSRMRCHNSKD,..
Niger,NER,"Imports Merchandise, Customs, constant US$, millions, not seas. adj.",DMGSRMRCHNSKD,..
Niger,NER,"GDP,constant 2010 LCU,millions,seas. adj.,",NYGDPMKTPSAKN,..
Niger,NER,"Total Reserves,,,,",TOTRESV,..
Niger,NER,"Unemployment rate,Percent,,,",UNEMPSA_,..
Nigeria,NGA,"Exports Merchandise, Customs, constant US$, millions, not seas. adj.",DXGSRMRCHNSKD,..
Nigeria,NGA,"Imports Merchandise, Customs, constant US$, millions, not seas. adj.",DMGSRMRCHNSKD,..
Nigeria,NGA,"GDP,constant 2010 LCU,millions,seas. adj.,",NYGDPMKTPSAKN,70490558.1859577
Nigeria,NGA,"Total Reserves,,,,",TOTRESV,..
Nigeria,NGA,"Unemployment rate,Percent,,,",UNEMPSA_,..
Norway,NOR,"Exports Merchandise, Customs, constant US$, millions, not seas. adj.",DXGSRMRCHNSKD,128625.07584835
Norway,NOR,"Imports Merchandise, Customs, constant US$, millions, not seas. adj.",DMGSRMRCHNSKD,91246.7026138633
Norway,NOR,"GDP,constant 2010 LCU,millions,seas. adj.,",NYGDPMKTPSAKN,3347485
Norway,NOR,"Total Reserves,,,,",TOTRESV,63188.9628187149
Norway,NOR,"Unemployment rate,Percent,,,",UNEMPSA_,3.88333333333
Oman,OMN,"Exports Merchandise, Customs, constant US$, millions, not seas. adj.",DXGSRMRCHNSKD,..
Oman,OMN,"Imports Merchandise, Customs, constant US$, millions, not seas. adj.",DMGSRMRCHNSKD,..
Oman,OMN,"GDP,constant 2010 LCU,millions,seas. adj.,",NYGDPMKTPSAKN,..
Oman,OMN,"Total Reserves,,,,",TOTRESV,..
Oman,OMN,"Unemployment rate,Percent,,,",UNEMPSA_,..
Pakistan,PAK,"Exports Merchandise, Customs, constant US$, millions, not seas. adj.",DXGSRMRCHNSKD,..
Pakistan,PAK,"Imports Merchandise, Customs, constant US$, millions, not seas. adj.",DMGSRMRCHNSKD,..
Pakistan,PAK,"GDP,constant 2010 LCU,millions,seas. adj.,",NYGDPMKTPSAKN,..
Pakistan,PAK,"Total Reserves,,,,",TOTRESV,11319.76
Pakistan,PAK,"Unemployment rate,Percent,,,",UNEMPSA_,5.8
Panama,PAN,"Exports Merchandise, Customs, constant US$, millions, not seas. adj.",DXGSRMRCHNSKD,..
Panama,PAN,"Imports Merchandise, Customs, constant US$, millions, not seas. adj.",DMGSRMRCHNSKD,..
Panama,PAN,"GDP,constant 2010 LCU,millions,seas. adj.,",NYGDPMKTPSAKN,..
Panama,PAN,"Total Reserves,,,,",TOTRESV,2121.30371810741
Panama,PAN,"Unemployment rate,Percent,,,",UNEMPSA_,..
Papua New Guinea,PNG,"Exports Merchandise, Customs, constant US$, millions, not seas. adj.",DXGSRMRCHNSKD,..
Papua New Guinea,PNG,"Imports Merchandise, Customs, constant US$, millions, not seas. adj.",DMGSRMRCHNSKD,..
Papua New Guinea,PNG,"GDP,constant 2010 LCU,millions,seas. adj.,",NYGDPMKTPSAKN,..
Papua New Guinea,PNG,"Total Reserves,,,,",TOTRESV,..
Papua New Guinea,PNG,"Unemployment rate,Percent,,,",UNEMPSA_,..
Paraguay,PRY,"Exports Merchandise, Customs, constant US$, millions, not seas. adj.",DXGSRMRCHNSKD,..
Paraguay,PRY,"Imports Merchandise, Customs, constant US$, millions, not seas. adj.",DMGSRMRCHNSKD,..
Paraguay,PRY,"GDP,constant 2010 LCU,millions,seas. adj.,",NYGDPMKTPSAKN,209612830.635165
Paraguay,PRY,"Total Reserves,,,,",TOTRESV,6749.6
Paraguay,PRY,"Unemployment rate,Percent,,,",UNEMPSA_,..
Peru,PER,"Exports Merchandise, Customs, constant US$, millions, not seas. adj.",DXGSRMRCHNSKD,45405.8266711136
Peru,PER,"Imports Merchandise, Customs, constant US$, millions, not seas. adj.",DMGSRMRCHNSKD,37175.994003585
Peru,PER,"GDP,constant 2010 LCU,millions,seas. adj.,",NYGDPMKTPSAKN,534384.733140876
Peru,PER,"Total Reserves,,,,",TOTRESV,60288
Peru,PER,"Unemployment rate,Percent,,,",UNEMPSA_,6.63764010228
Philippines,PHL,"Exports Merchandise, Customs, constant US$, millions, not seas. adj.",DXGSRMRCHNSKD,84635.111424309
Philippines,PHL,"Imports Merchandise, Customs, constant US$, millions, not seas. adj.",DMGSRMRCHNSKD,125368.793121597
Philippines,PHL,"GDP,constant 2010 LCU,millions,seas. adj.,",NYGDPMKTPSAKN,18251853
Philippines,PHL,"Total Reserves,,,,",TOTRESV,79193.37
Philippines,PHL,"Unemployment rate,Percent,,,",UNEMPSA_,5.3
Poland,POL,"Exports Merchandise, Customs, constant US$, millions, not seas. adj.",DXGSRMRCHNSKD,289290.008684532
Poland,POL,"Imports Merchandise, Customs, constant US$, millions, not seas. adj.",DMGSRMRCHNSKD,291645.490538189
Poland,POL,"GDP,constant 2010 LCU,millions,seas. adj.,",NYGDPMKTPSAKN,1906895.9
Poland,POL,"Total Reserves,,,,",TOTRESV,116964.6
Poland,POL,"Unemployment rate,Percent,,,",UNEMPSA_,6.05833333333
Portugal,PRT,"Exports Merchandise, Customs, constant US$, millions, not seas. adj.",DXGSRMRCHNSKD,..
Portugal,PRT,"Imports Merchandise, Customs, constant US$, millions, not seas. adj.",DMGSRMRCHNSKD,..
Portugal,PRT,"GDP,constant 2010 LCU,millions,seas. adj.,",NYGDPMKTPSAKN,198119.4
Portugal,PRT,"Total Reserves,,,,",TOTRESV,9781.6917052984
Portugal,PRT,"Unemployment rate,Percent,,,",UNEMPSA_,6.99311021915
Qatar,QAT,"Exports Merchandise, Customs, constant US$, millions, not seas. adj.",DXGSRMRCHNSKD,..
Qatar,QAT,"Imports Merchandise, Customs, constant US$, millions, not seas. adj.",DMGSRMRCHNSKD,..
Qatar,QAT,"GDP,constant 2010 LCU,millions,seas. adj.,",NYGDPMKTPSAKN,820734.549541138
Qatar,QAT,"Total Reserves,,,,",TOTRESV,128235.175276813
Qatar,QAT,"Unemployment rate,Percent,,,",UNEMPSA_,..
Romania,ROU,"Exports Merchandise, Customs, constant US$, millions, not seas. adj.",DXGSRMRCHNSKD,..
Romania,ROU,"Imports Merchandise, Customs, constant US$, millions, not seas. adj.",DMGSRMRCHNSKD,..
Romania,ROU,"GDP,constant 2010 LCU,millions,seas. adj.,",NYGDPMKTPSAKN,165242
Romania,ROU,"Total Reserves,,,,",TOTRESV,9005.99230858874
Romania,ROU,"Unemployment rate,Percent,,,",UNEMPSA_,3.55833333333
Russian Federation,RUS,"Exports Merchandise, Customs, constant US$, millions, not seas. adj.",DXGSRMRCHNSKD,406843.65984638
Russian Federation,RUS,"Imports Merchandise, Customs, constant US$, millions, not seas. adj.",DMGSRMRCHNSKD,232676.075303943
Russian Federation,RUS,"GDP,constant 2010 LCU,millions,seas. adj.,",NYGDPMKTPSAKN,64858235.0179871
Russian Federation,RUS,"Total Reserves,,,,",TOTRESV,468495
Russian Federation,RUS,"Unemployment rate,Percent,,,",UNEMPSA_,4.7823747518
Rwanda,RWA,"Exports Merchandise, Customs, constant US$, millions, not seas. adj.",DXGSRMRCHNSKD,..
Rwanda,RWA,"Imports Merchandise, Customs, constant US$, millions, not seas. adj.",DMGSRMRCHNSKD,..
Rwanda,RWA,"GDP,constant 2010 LCU,millions,seas. adj.,",NYGDPMKTPSAKN,..
Rwanda,RWA,"Total Reserves,,,,",TOTRESV,909.19585816221
Rwanda,RWA,"Unemployment rate,Percent,,,",UNEMPSA_,..
Samoa,WSM,"Exports Merchandise, Customs, constant US$, millions, not seas. adj.",DXGSRMRCHNSKD,..
Samoa,WSM,"Imports Merchandise, Customs, constant US$, millions, not seas. adj.",DMGSRMRCHNSKD,..
Samoa,WSM,"GDP,constant 2010 LCU,millions,seas. adj.,",NYGDPMKTPSAKN,..
Samoa,WSM,"Total Reserves,,,,",TOTRESV,169.94455000438
Samoa,WSM,"Unemployment rate,Percent,,,",UNEMPSA_,..
San Marino,SMR,"Exports Merchandise, Customs, constant US$, millions, not seas. adj.",DXGSRMRCHNSKD,..
San Marino,SMR,"Imports Merchandise, Customs, constant US$, millions, not seas. adj.",DMGSRMRCHNSKD,..
San Marino,SMR,"GDP,constant 2010 LCU,millions,seas. adj.,",NYGDPMKTPSAKN,..
San Marino,SMR,"Total Reserves,,,,",TOTRESV,338.95747690709
San Marino,SMR,"Unemployment rate,Percent,,,",UNEMPSA_,..
Sao Tome and Principe,STP,"Exports Merchandise, Customs, constant US$, millions, not seas. adj.",DXGSRMRCHNSKD,..
Sao Tome and Principe,STP,"Imports Merchandise, Customs, constant US$, millions, not seas. adj.",DMGSRMRCHNSKD,..
Sao Tome and Principe,STP,"GDP,constant 2010 LCU,millions,seas. adj.,",NYGDPMKTPSAKN,..
Sao Tome and Principe,STP,"Total Reserves,,,,",TOTRESV,43.68354511754
Sao Tome and Principe,STP,"Unemployment rate,Percent,,,",UNEMPSA_,..
Saudi Arabia,SAU,"Exports Merchandise, Customs, constant US$, millions, not seas. adj.",DXGSRMRCHNSKD,..
Saudi Arabia,SAU,"Imports Merchandise, Customs, constant US$, millions, not seas. adj.",DMGSRMRCHNSKD,..
Saudi Arabia,SAU,"GDP,constant 2010 LCU,millions,seas. adj.,",NYGDPMKTPSAKN,2630073.90515505
Saudi Arabia,SAU,"Total Reserves,,,,",TOTRESV,496645.011218066
Saudi Arabia,SAU,"Unemployment rate,Percent,,,",UNEMPSA_,5.99889480347
Senegal,SEN,"Exports Merchandise, Customs, constant US$, millions, not seas. adj.",DXGSRMRCHNSKD,..
Senegal,SEN,"Imports Merchandise, Customs, constant US$, millions, not seas. adj.",DMGSRMRCHNSKD,..
Senegal,SEN,"GDP,constant 2010 LCU,millions,seas. adj.,",NYGDPMKTPSAKN,..
Senegal,SEN,"Total Reserves,,,,",TOTRESV,..
Senegal,SEN,"Unemployment rate,Percent,,,",UNEMPSA_,..
Serbia and Montenegro,YUG,"Exports Merchandise, Customs, constant US$, millions, not seas. adj.",DXGSRMRCHNSKD,..
Serbia and Montenegro,YUG,"Imports Merchandise, Customs, constant US$, millions, not seas. adj.",DMGSRMRCHNSKD,..
Serbia and Montenegro,YUG,"GDP,constant 2010 LCU,millions,seas. adj.,",NYGDPMKTPSAKN,..
Serbia and Montenegro,YUG,"Total Reserves,,,,",TOTRESV,..
Serbia and Montenegro,YUG,"Unemployment rate,Percent,,,",UNEMPSA_,..
Seychelles,SYC,"Exports Merchandise, Customs, constant US$, millions, not seas. adj.",DXGSRMRCHNSKD,..
Seychelles,SYC,"Imports Merchandise, Customs, constant US$, millions, not seas. adj.",DMGSRMRCHNSKD,..
Seychelles,SYC,"GDP,constant 2010 LCU,millions,seas. adj.,",NYGDPMKTPSAKN,..
Seychelles,SYC,"Total Reserves,,,,",TOTRESV,549.52183172802
Seychelles,SYC,"Unemployment rate,Percent,,,",UNEMPSA_,..
Sierra Leone,SLE,"Exports Merchandise, Customs, constant US$, millions, not seas. adj.",DXGSRMRCHNSKD,..
Sierra Leone,SLE,"Imports Merchandise, Customs, constant US$, millions, not seas. adj.",DMGSRMRCHNSKD,..
Sierra Leone,SLE,"GDP,constant 2010 LCU,millions,seas. adj.,",NYGDPMKTPSAKN,..
Sierra Leone,SLE,"Total Reserves,,,,",TOTRESV,502.55729086255
Sierra Leone,SLE,"Unemployment rate,Percent,,,",UNEMPSA_,..
Singapore,SGP,"Exports Merchandise, Customs, constant US$, millions, not seas. adj.",DXGSRMRCHNSKD,443570.315312528
Singapore,SGP,"Imports Merchandise, Customs, constant US$, millions, not seas. adj.",DMGSRMRCHNSKD,397779.725144009
Singapore,SGP,"GDP,constant 2010 LCU,millions,seas. adj.,",NYGDPMKTPSAKN,471862.6
Singapore,SGP,"Total Reserves,,,,",TOTRESV,389214.5
Singapore,SGP,"Unemployment rate,Percent,,,",UNEMPSA_,2.1
Slovak Republic,SVK,"Exports Merchandise, Customs, constant US$, millions, not seas. adj.",DXGSRMRCHNSKD,111.99510396191
Slovak Republic,SVK,"Imports Merchandise, Customs, constant US$, millions, not seas. adj.",DMGSRMRCHNSKD,110.77502765439
Slovak Republic,SVK,"GDP,constant 2010 LCU,millions,seas. adj.,",NYGDPMKTPSAKN,87168.1786759817
Slovak Republic,SVK,"Total Reserves,,,,",TOTRESV,5198.95470334241
Slovak Republic,SVK,"Unemployment rate,Percent,,,",UNEMPSA_,5.41583333333
Slovenia,SVN,"Exports Merchandise, Customs, constant US$, millions, not seas. adj.",DXGSRMRCHNSKD,..
Slovenia,SVN,"Imports Merchandise, Customs, constant US$, millions, not seas. adj.",DMGSRMRCHNSKD,..
Slovenia,SVN,"GDP,constant 2010 LCU,millions,seas. adj.,",NYGDPMKTPSAKN,41896.8
Slovenia,SVN,"Total Reserves,,,,",TOTRESV,928.70994700688
Slovenia,SVN,"Unemployment rate,Percent,,,",UNEMPSA_,8.25
Solomon Islands,SLB,"Exports Merchandise, Customs, constant US$, millions, not seas. adj.",DXGSRMRCHNSKD,..
Solomon Islands,SLB,"Imports Merchandise, Customs, constant US$, millions, not seas. adj.",DMGSRMRCHNSKD,..
Solomon Islands,SLB,"GDP,constant 2010 LCU,millions,seas. adj.,",NYGDPMKTPSAKN,..
Solomon Islands,SLB,"Total Reserves,,,,",TOTRESV,..
Solomon Islands,SLB,"Unemployment rate,Percent,,,",UNEMPSA_,..
Somalia,SOM,"Exports Merchandise, Customs, constant US$, millions, not seas. adj.",DXGSRMRCHNSKD,..
Somalia,SOM,"Imports Merchandise, Customs, constant US$, millions, not seas. adj.",DMGSRMRCHNSKD,..
Somalia,SOM,"GDP,constant 2010 LCU,millions,seas. adj.,",NYGDPMKTPSAKN,..
Somalia,SOM,"Total Reserves,,,,",TOTRESV,..
Somalia,SOM,"Unemployment rate,Percent,,,",UNEMPSA_,..
South Africa,ZAF,"Exports Merchandise, Customs, constant US$, millions, not seas. adj.",DXGSRMRCHNSKD,..
South Africa,ZAF,"Imports Merchandise, Customs, constant US$, millions, not seas. adj.",DMGSRMRCHNSKD,..
South Africa,ZAF,"GDP,constant 2010 LCU,millions,seas. adj.,",NYGDPMKTPSAKN,3144538
South Africa,ZAF,"Total Reserves,,,,",TOTRESV,51641
South Africa,ZAF,"Unemployment rate,Percent,,,",UNEMPSA_,27.11276876838
South Asia developing,SAS,"Exports Merchandise, Customs, constant US$, millions, not seas. adj.",DXGSRMRCHNSKD,..
South Asia developing,SAS,"Imports Merchandise, Customs, constant US$, millions, not seas. adj.",DMGSRMRCHNSKD,..
South Asia developing,SAS,"GDP,constant 2010 LCU,millions,seas. adj.,",NYGDPMKTPSAKN,..
South Asia developing,SAS,"Total Reserves,,,,",TOTRESV,456604.944440859
South Asia developing,SAS,"Unemployment rate,Percent,,,",UNEMPSA_,..
Spain,ESP,"Exports Merchandise, Customs, constant US$, millions, not seas. adj.",DXGSRMRCHNSKD,365036.38280387
Spain,ESP,"Imports Merchandise, Customs, constant US$, millions, not seas. adj.",DMGSRMRCHNSKD,397423.28424502
Spain,ESP,"GDP,constant 2010 LCU,millions,seas. adj.,",NYGDPMKTPSAKN,1169239
Spain,ESP,"Total Reserves,,,,",TOTRESV,59498.929995585
Spain,ESP,"Unemployment rate,Percent,,,",UNEMPSA_,15.25
Sri Lanka,LKA,"Exports Merchandise, Customs, constant US$, millions, not seas. adj.",DXGSRMRCHNSKD,..
Sri Lanka,LKA,"Imports Merchandise, Customs, constant US$, millions, not seas. adj.",DMGSRMRCHNSKD,..
Sri Lanka,LKA,"GDP,constant 2010 LCU,millions,seas. adj.,",NYGDPMKTPSAKN,9664228.29835193
Sri Lanka,LKA,"Total Reserves,,,,",TOTRESV,6919.22
Sri Lanka,LKA,"Unemployment rate,Percent,,,",UNEMPSA_,4.4
St. Kitts and Nevis,KNA,"Exports Merchandise, Customs, constant US$, millions, not seas. adj.",DXGSRMRCHNSKD,..
St. Kitts and Nevis,KNA,"Imports Merchandise, Customs, constant US$, millions, not seas. adj.",DMGSRMRCHNSKD,..
St. Kitts and Nevis,KNA,"GDP,constant 2010 LCU,millions,seas. adj.,",NYGDPMKTPSAKN,..
St. Kitts and Nevis,KNA,"Total Reserves,,,,",TOTRESV,363.21929855427
St. Kitts and Nevis,KNA,"Unemployment rate,Percent,,,",UNEMPSA_,..
St. Lucia,LCA,"Exports Merchandise, Customs, constant US$, millions, not seas. adj.",DXGSRMRCHNSKD,..
St. Lucia,LCA,"Imports Merchandise, Customs, constant US$, millions, not seas. adj.",DMGSRMRCHNSKD,..
St. Lucia,LCA,"GDP,constant 2010 LCU,millions,seas. adj.,",NYGDPMKTPSAKN,..
St. Lucia,LCA,"Total Reserves,,,,",TOTRESV,285.82136874752
St. Lucia,LCA,"Unemployment rate,Percent,,,",UNEMPSA_,..
St. Vincent and the Grenadines,VCT,"Exports Merchandise, Customs, constant US$, millions, not seas. adj.",DXGSRMRCHNSKD,..
St. Vincent and the Grenadines,VCT,"Imports Merchandise, Customs, constant US$, millions, not seas. adj.",DMGSRMRCHNSKD,..
St. Vincent and the Grenadines,VCT,"GDP,constant 2010 LCU,millions,seas. adj.,",NYGDPMKTPSAKN,..
St. Vincent and the Grenadines,VCT,"Total Reserves,,,,",TOTRESV,169.56703893521
St. Vincent and the Grenadines,VCT,"Unemployment rate,Percent,,,",UNEMPSA_,..
Sub-Saharan Africa developing,SST,"Exports Merchandise, Customs, constant US$, millions, not seas. adj.",DXGSRMRCHNSKD,6283.49929722268
Sub-Saharan Africa developing,SST,"Imports Merchandise, Customs, constant US$, millions, not seas. adj.",DMGSRMRCHNSKD,..
Sub-Saharan Africa developing,SST,"GDP,constant 2010 LCU,millions,seas. adj.,",NYGDPMKTPSAKN,..
Sub-Saharan Africa developing,SST,"Total Reserves,,,,",TOTRESV,..
Sub-Saharan Africa developing,SST,"Unemployment rate,Percent,,,",UNEMPSA_,27.11276876838
Sudan,SDN,"Exports Merchandise, Customs, constant US$, millions, not seas. adj.",DXGSRMRCHNSKD,..
Sudan,SDN,"Imports Merchandise, Customs, constant US$, millions, not seas. adj.",DMGSRMRCHNSKD,..
Sudan,SDN,"GDP,constant 2010 LCU,millions,seas. adj.,",NYGDPMKTPSAKN,..
Sudan,SDN,"Total Reserves,,,,",TOTRESV,..
Sudan,SDN,"Unemployment rate,Percent,,,",UNEMPSA_,..
Suriname,SUR,"Exports Merchandise, Customs, constant US$, millions, not seas. adj.",DXGSRMRCHNSKD,..
Suriname,SUR,"Imports Merchandise, Customs, constant US$, millions, not seas. adj.",DMGSRMRCHNSKD,..
Suriname,SUR,"GDP,constant 2010 LCU,millions,seas. adj.,",NYGDPMKTPSAKN,..
Suriname,SUR,"Total Reserves,,,,",TOTRESV,..
Suriname,SUR,"Unemployment rate,Percent,,,",UNEMPSA_,..
Swaziland,SWZ,"Exports Merchandise, Customs, constant US$, millions, not seas. adj.",DXGSRMRCHNSKD,..
Swaziland,SWZ,"Imports Merchandise, Customs, constant US$, millions, not seas. adj.",DMGSRMRCHNSKD,..
Swaziland,SWZ,"GDP,constant 2010 LCU,millions,seas. adj.,",NYGDPMKTPSAKN,..
Swaziland,SWZ,"Total Reserves,,,,",TOTRESV,440.68590301385
Swaziland,SWZ,"Unemployment rate,Percent,,,",UNEMPSA_,..
Sweden,SWE,"Exports Merchandise, Customs, constant US$, millions, not seas. adj.",DXGSRMRCHNSKD,186437.265440978
Sweden,SWE,"Imports Merchandise, Customs, constant US$, millions, not seas. adj.",DMGSRMRCHNSKD,..
Sweden,SWE,"GDP,constant 2010 LCU,millions,seas. adj.,",NYGDPMKTPSAKN,4966328
Sweden,SWE,"Total Reserves,,,,",TOTRESV,55582.1455871672
Sweden,SWE,"Unemployment rate,Percent,,,",UNEMPSA_,6.33199373788
Switzerland,CHE,"Exports Merchandise, Customs, constant US$, millions, not seas. adj.",DXGSRMRCHNSKD,..
Switzerland,CHE,"Imports Merchandise, Customs, constant US$, millions, not seas. adj.",DMGSRMRCHNSKD,..
Switzerland,CHE,"GDP,constant 2010 LCU,millions,seas. adj.,",NYGDPMKTPSAKN,703967
Switzerland,CHE,"Total Reserves,,,,",TOTRESV,745802.965118021
Switzerland,CHE,"Unemployment rate,Percent,,,",UNEMPSA_,2.54141111089
Syrian Arab Republic,SYR,"Exports Merchandise, Customs, constant US$, millions, not seas. adj.",DXGSRMRCHNSKD,..
Syrian Arab Republic,SYR,"Imports Merchandise, Customs, constant US$, millions, not seas. adj.",DMGSRMRCHNSKD,..
Syrian Arab Republic,SYR,"GDP,constant 2010 LCU,millions,seas. adj.,",NYGDPMKTPSAKN,..
Syrian Arab Republic,SYR,"Total Reserves,,,,",TOTRESV,..
Syrian Arab Republic,SYR,"Unemployment rate,Percent,,,",UNEMPSA_,..
Taiwan China,TWN,"Exports Merchandise, Customs, constant US$, millions, not seas. adj.",DXGSRMRCHNSKD,323301.856931122
Taiwan China,TWN,"Imports Merchandise, Customs, constant US$, millions, not seas. adj.",DMGSRMRCHNSKD,290184.050028363
Taiwan China,TWN,"GDP,constant 2010 LCU,millions,seas. adj.,",NYGDPMKTPSAKN,18634482
Taiwan China,TWN,"Total Reserves,,,,",TOTRESV,..
Taiwan China,TWN,"Unemployment rate,Percent,,,",UNEMPSA_,3.70916666667
Tajikistan,TJK,"Exports Merchandise, Customs, constant US$, millions, not seas. adj.",DXGSRMRCHNSKD,..
Tajikistan,TJK,"Imports Merchandise, Customs, constant US$, millions, not seas. adj.",DMGSRMRCHNSKD,..
Tajikistan,TJK,"GDP,constant 2010 LCU,millions,seas. adj.,",NYGDPMKTPSAKN,..
Tajikistan,TJK,"Total Reserves,,,,",TOTRESV,..
Tajikistan,TJK,"Unemployment rate,Percent,,,",UNEMPSA_,..
Tanzania,TZA,"Exports Merchandise, Customs, constant US$, millions, not seas. adj.",DXGSRMRCHNSKD,..
Tanzania,TZA,"Imports Merchandise, Customs, constant US$, millions, not seas. adj.",DMGSRMRCHNSKD,..
Tanzania,TZA,"GDP,constant 2010 LCU,millions,seas. adj.,",NYGDPMKTPSAKN,..
Tanzania,TZA,"Total Reserves,,,,",TOTRESV,..
Tanzania,TZA,"Unemployment rate,Percent,,,",UNEMPSA_,..
Thailand,THA,"Exports Merchandise, Customs, constant US$, millions, not seas. adj.",DXGSRMRCHNSKD,231026.625576941
Thailand,THA,"Imports Merchandise, Customs, constant US$, millions, not seas. adj.",DMGSRMRCHNSKD,233747.580599835
Thailand,THA,"GDP,constant 2010 LCU,millions,seas. adj.,",NYGDPMKTPSAKN,10674572
Thailand,THA,"Total Reserves,,,,",TOTRESV,205641.1
Thailand,THA,"Unemployment rate,Percent,,,",UNEMPSA_,1.0575
Timor-Leste,TLS,"Exports Merchandise, Customs, constant US$, millions, not seas. adj.",DXGSRMRCHNSKD,..
Timor-Leste,TLS,"Imports Merchandise, Customs, constant US$, millions, not seas. adj.",DMGSRMRCHNSKD,..
Timor-Leste,TLS,"GDP,constant 2010 LCU,millions,seas. adj.,",NYGDPMKTPSAKN,..
Timor-Leste,TLS,"Total Reserves,,,,",TOTRESV,673.90356468116
Timor-Leste,TLS,"Unemployment rate,Percent,,,",UNEMPSA_,..
Togo,TGO,"Exports Merchandise, Customs, constant US$, millions, not seas. adj.",DXGSRMRCHNSKD,..
Togo,TGO,"Imports Merchandise, Customs, constant US$, millions, not seas. adj.",DMGSRMRCHNSKD,..
Togo,TGO,"GDP,constant 2010 LCU,millions,seas. adj.,",NYGDPMKTPSAKN,..
Togo,TGO,"Total Reserves,,,,",TOTRESV,..
Togo,TGO,"Unemployment rate,Percent,,,",UNEMPSA_,..
Tonga,TON,"Exports Merchandise, Customs, constant US$, millions, not seas. adj.",DXGSRMRCHNSKD,..
Tonga,TON,"Imports Merchandise, Customs, constant US$, millions, not seas. adj.",DMGSRMRCHNSKD,..
Tonga,TON,"GDP,constant 2010 LCU,millions,seas. adj.,",NYGDPMKTPSAKN,..
Tonga,TON,"Total Reserves,,,,",TOTRESV,227.18918400305
Tonga,TON,"Unemployment rate,Percent,,,",UNEMPSA_,..
Trinidad and Tobago,TTO,"Exports Merchandise, Customs, constant US$, millions, not seas. adj.",DXGSRMRCHNSKD,..
Trinidad and Tobago,TTO,"Imports Merchandise, Customs, constant US$, millions, not seas. adj.",DMGSRMRCHNSKD,..
Trinidad and Tobago,TTO,"GDP,constant 2010 LCU,millions,seas. adj.,",NYGDPMKTPSAKN,..
Trinidad and Tobago,TTO,"Total Reserves,,,,",TOTRESV,..
Trinidad and Tobago,TTO,"Unemployment rate,Percent,,,",UNEMPSA_,..
Tunisia,TUN,"Exports Merchandise, Customs, constant US$, millions, not seas. adj.",DXGSRMRCHNSKD,..
Tunisia,TUN,"Imports Merchandise, Customs, constant US$, millions, not seas. adj.",DMGSRMRCHNSKD,..
Tunisia,TUN,"GDP,constant 2010 LCU,millions,seas. adj.,",NYGDPMKTPSAKN,72977.85
Tunisia,TUN,"Total Reserves,,,,",TOTRESV,5238.75035500822
Tunisia,TUN,"Unemployment rate,Percent,,,",UNEMPSA_,15.44985636258
Turkey,TUR,"Exports Merchandise, Customs, constant US$, millions, not seas. adj.",DXGSRMRCHNSKD,586987.420405234
Turkey,TUR,"Imports Merchandise, Customs, constant US$, millions, not seas. adj.",DMGSRMRCHNSKD,756607.723715268
Turkey,TUR,"GDP,constant 2010 LCU,millions,seas. adj.,",NYGDPMKTPSAKN,1742842.882
Turkey,TUR,"Total Reserves,,,,",TOTRESV,93027
Turkey,TUR,"Unemployment rate,Percent,,,",UNEMPSA_,10.975
Turkmenistan,TKM,"Exports Merchandise, Customs, constant US$, millions, not seas. adj.",DXGSRMRCHNSKD,..
Turkmenistan,TKM,"Imports Merchandise, Customs, constant US$, millions, not seas. adj.",DMGSRMRCHNSKD,..
Turkmenistan,TKM,"GDP,constant 2010 LCU,millions,seas. adj.,",NYGDPMKTPSAKN,..
Turkmenistan,TKM,"Total Reserves,,,,",TOTRESV,..
Turkmenistan,TKM,"Unemployment rate,Percent,,,",UNEMPSA_,..
Uganda,UGA,"Exports Merchandise, Customs, constant US$, millions, not seas. adj.",DXGSRMRCHNSKD,6283.49929722268
Uganda,UGA,"Imports Merchandise, Customs, constant US$, millions, not seas. adj.",DMGSRMRCHNSKD,..
Uganda,UGA,"GDP,constant 2010 LCU,millions,seas. adj.,",NYGDPMKTPSAKN,..
Uganda,UGA,"Total Reserves,,,,",TOTRESV,3358.51464990299
Uganda,UGA,"Unemployment rate,Percent,,,",UNEMPSA_,..
Ukraine,UKR,"Exports Merchandise, Customs, constant US$, millions, not seas. adj.",DXGSRMRCHNSKD,..
Ukraine,UKR,"Imports Merchandise, Customs, constant US$, millions, not seas. adj.",DMGSRMRCHNSKD,..
Ukraine,UKR,"GDP,constant 2010 LCU,millions,seas. adj.,",NYGDPMKTPSAKN,2525180.74572351
Ukraine,UKR,"Total Reserves,,,,",TOTRESV,20820.43
Ukraine,UKR,"Unemployment rate,Percent,,,",UNEMPSA_,..
United Arab Emirates,ARE,"Exports Merchandise, Customs, constant US$, millions, not seas. adj.",DXGSRMRCHNSKD,..
United Arab Emirates,ARE,"Imports Merchandise, Customs, constant US$, millions, not seas. adj.",DMGSRMRCHNSKD,..
United Arab Emirates,ARE,"GDP,constant 2010 LCU,millions,seas. adj.,",NYGDPMKTPSAKN,..
United Arab Emirates,ARE,"Total Reserves,,,,",TOTRESV,..
United Arab Emirates,ARE,"Unemployment rate,Percent,,,",UNEMPSA_,..
United Kingdom,GBR,"Exports Merchandise, Customs, constant US$, millions, not seas. adj.",DXGSRMRCHNSKD,..
United Kingdom,GBR,"Imports Merchandise, Customs, constant US$, millions, not seas. adj.",DMGSRMRCHNSKD,..
United Kingdom,GBR,"GDP,constant 2010 LCU,millions,seas. adj.,",NYGDPMKTPSAKN,2060494
United Kingdom,GBR,"Total Reserves,,,,",TOTRESV,160448.323804717
United Kingdom,GBR,"Unemployment rate,Percent,,,",UNEMPSA_,4.075
United States,USA,"Exports Merchandise, Customs, constant US$, millions, not seas. adj.",DXGSRMRCHNSKD,1583497.19037894
United States,USA,"Imports Merchandise, Customs, constant US$, millions, not seas. adj.",DMGSRMRCHNSKD,2512748.88420232
United States,USA,"GDP,constant 2010 LCU,millions,seas. adj.,",NYGDPMKTPSAKN,18638200
United States,USA,"Total Reserves,,,,",TOTRESV,127977.846681682
United States,USA,"Unemployment rate,Percent,,,",UNEMPSA_,3.89166666667
Upper Middle Income Countries,UMC,"Exports Merchandise, Customs, constant US$, millions, not seas. adj.",DXGSRMRCHNSKD,4575947.35956551
Upper Middle Income Countries,UMC,"Imports Merchandise, Customs, constant US$, millions, not seas. adj.",DMGSRMRCHNSKD,4411816.88522697
Upper Middle Income Countries,UMC,"GDP,constant 2010 LCU,millions,seas. adj.,",NYGDPMKTPSAKN,..
Upper Middle Income Countries,UMC,"Total Reserves,,,,",TOTRESV,5128863.67899778
Upper Middle Income Countries,UMC,"Unemployment rate,Percent,,,",UNEMPSA_,5.58876539175
Uruguay,URY,"Exports Merchandise, Customs, constant US$, millions, not seas. adj.",DXGSRMRCHNSKD,..
Uruguay,URY,"Imports Merchandise, Customs, constant US$, millions, not seas. adj.",DMGSRMRCHNSKD,..
Uruguay,URY,"GDP,constant 2010 LCU,millions,seas. adj.,",NYGDPMKTPSAKN,710660.476926132
Uruguay,URY,"Total Reserves,,,,",TOTRESV,15557
Uruguay,URY,"Unemployment rate,Percent,,,",UNEMPSA_,8.36666666667
Uzbekistan,UZB,"Exports Merchandise, Customs, constant US$, millions, not seas. adj.",DXGSRMRCHNSKD,..
Uzbekistan,UZB,"Imports Merchandise, Customs, constant US$, millions, not seas. adj.",DMGSRMRCHNSKD,..
Uzbekistan,UZB,"GDP,constant 2010 LCU,millions,seas. adj.,",NYGDPMKTPSAKN,..
Uzbekistan,UZB,"Total Reserves,,,,",TOTRESV,27081.41
Uzbekistan,UZB,"Unemployment rate,Percent,,,",UNEMPSA_,..
Vanuatu,VUT,"Exports Merchandise, Customs, constant US$, millions, not seas. adj.",DXGSRMRCHNSKD,..
Vanuatu,VUT,"Imports Merchandise, Customs, constant US$, millions, not seas. adj.",DMGSRMRCHNSKD,..
Vanuatu,VUT,"GDP,constant 2010 LCU,millions,seas. adj.,",NYGDPMKTPSAKN,..
Vanuatu,VUT,"Total Reserves,,,,",TOTRESV,420.59237017489
Vanuatu,VUT,"Unemployment rate,Percent,,,",UNEMPSA_,..
Venezuela RB,VEN,"Exports Merchandise, Customs, constant US$, millions, not seas. adj.",DXGSRMRCHNSKD,..
Venezuela RB,VEN,"Imports Merchandise, Customs, constant US$, millions, not seas. adj.",DMGSRMRCHNSKD,..
Venezuela RB,VEN,"GDP,constant 2010 LCU,millions,seas. adj.,",NYGDPMKTPSAKN,31637.4453456945
Venezuela RB,VEN,"Total Reserves,,,,",TOTRESV,..
Venezuela RB,VEN,"Unemployment rate,Percent,,,",UNEMPSA_,6.90873994784
Vietnam,VNM,"Exports Merchandise, Customs, constant US$, millions, not seas. adj.",DXGSRMRCHNSKD,..
Vietnam,VNM,"Imports Merchandise, Customs, constant US$, millions, not seas. adj.",DMGSRMRCHNSKD,259139.941911026
Vietnam,VNM,"GDP,constant 2010 LCU,millions,seas. adj.,",NYGDPMKTPSAKN,3478990903.79439
Vietnam,VNM,"Total Reserves,,,,",TOTRESV,55452.6225825609
Vietnam,VNM,"Unemployment rate,Percent,,,",UNEMPSA_,2.19
Virgin Islands (U.S.),VIR,"Exports Merchandise, Customs, constant US$, millions, not seas. adj.",DXGSRMRCHNSKD,..
Virgin Islands (U.S.),VIR,"Imports Merchandise, Customs, constant US$, millions, not seas. adj.",DMGSRMRCHNSKD,..
Virgin Islands (U.S.),VIR,"GDP,constant 2010 LCU,millions,seas. adj.,",NYGDPMKTPSAKN,..
Virgin Islands (U.S.),VIR,"Total Reserves,,,,",TOTRESV,..
Virgin Islands (U.S.),VIR,"Unemployment rate,Percent,,,",UNEMPSA_,..
World,WLT,"Exports Merchandise, Customs, constant US$, millions, not seas. adj.",DXGSRMRCHNSKD,15477904.1831979
World,WLT,"Imports Merchandise, Customs, constant US$, millions, not seas. adj.",DMGSRMRCHNSKD,16145104.0462072
World,WLT,"GDP,constant 2010 LCU,millions,seas. adj.,",NYGDPMKTPSAKN,..
World,WLT,"Total Reserves,,,,",TOTRESV,12098115.6919543
World,WLT,"Unemployment rate,Percent,,,",UNEMPSA_,6.19096481672
Yemen Rep.,YEM,"Exports Merchandise, Customs, constant US$, millions, not seas. adj.",DXGSRMRCHNSKD,..
Yemen Rep.,YEM,"Imports Merchandise, Customs, constant US$, millions, not seas. adj.",DMGSRMRCHNSKD,..
Yemen Rep.,YEM,"GDP,constant 2010 LCU,millions,seas. adj.,",NYGDPMKTPSAKN,..
Yemen Rep.,YEM,"Total Reserves,,,,",TOTRESV,..
Yemen Rep.,YEM,"Unemployment rate,Percent,,,",UNEMPSA_,..
Zambia,ZMB,"Exports Merchandise, Customs, constant US$, millions, not seas. adj.",DXGSRMRCHNSKD,..
Zambia,ZMB,"Imports Merchandise, Customs, constant US$, millions, not seas. adj.",DMGSRMRCHNSKD,..
Zambia,ZMB,"GDP,constant 2010 LCU,millions,seas. adj.,",NYGDPMKTPSAKN,..
Zambia,ZMB,"Total Reserves,,,,",TOTRESV,1544.2
Zambia,ZMB,"Unemployment rate,Percent,,,",UNEMPSA_,..
Zimbabwe,ZWE,"Exports Merchandise, Customs, constant US$, millions, not seas. adj.",DXGSRMRCHNSKD,..
Zimbabwe,ZWE,"Imports Merchandise, Customs, constant US$, millions, not seas. adj.",DMGSRMRCHNSKD,..
Zimbabwe,ZWE,"GDP,constant 2010 LCU,millions,seas. adj.,",NYGDPMKTPSAKN,..
Zimbabwe,ZWE,"Total Reserves,,,,",TOTRESV,..
Zimbabwe,ZWE,"Unemployment rate,Percent,,,",UNEMPSA_,..
,,,,
,,,,
,,,,
Data from database: Global Economic Monitor (GEM),,,,
Last Updated: 07/27/2020,,,,
